--
-- PostgreSQL database dump
--

-- Dumped from database version 17.5
-- Dumped by pg_dump version 17.5

-- Started on 2025-09-23 03:10:55

SET statement_timeout = 0;
SET lock_timeout = 0;
SET idle_in_transaction_session_timeout = 0;
SET transaction_timeout = 0;
SET client_encoding = 'UTF8';
SET standard_conforming_strings = on;
SELECT pg_catalog.set_config('search_path', '', false);
SET check_function_bodies = false;
SET xmloption = content;
SET client_min_messages = warning;
SET row_security = off;

--
-- TOC entry 6 (class 2615 OID 40349)
-- Name: business; Type: SCHEMA; Schema: -; Owner: postgres
--

CREATE SCHEMA business;


ALTER SCHEMA business OWNER TO postgres;

--
-- TOC entry 7 (class 2615 OID 40350)
-- Name: parameters; Type: SCHEMA; Schema: -; Owner: postgres
--

CREATE SCHEMA parameters;


ALTER SCHEMA parameters OWNER TO postgres;

--
-- TOC entry 8 (class 2615 OID 40351)
-- Name: security; Type: SCHEMA; Schema: -; Owner: postgres
--

CREATE SCHEMA security;


ALTER SCHEMA security OWNER TO postgres;

SET default_tablespace = '';

SET default_table_access_method = heap;

--
-- TOC entry 270 (class 1259 OID 40612)
-- Name: academic_load; Type: TABLE; Schema: business; Owner: postgres
--

CREATE TABLE business.academic_load (
    id integer NOT NULL,
    teacher_id integer NOT NULL,
    subject_id integer NOT NULL,
    group_id integer NOT NULL,
    day_of_week integer NOT NULL,
    "time" time without time zone NOT NULL,
    status integer NOT NULL,
    created_at timestamp with time zone,
    updated_at timestamp with time zone,
    deleted_at timestamp with time zone
);


ALTER TABLE business.academic_load OWNER TO postgres;

--
-- TOC entry 269 (class 1259 OID 40611)
-- Name: academic_load_id_seq; Type: SEQUENCE; Schema: business; Owner: postgres
--

ALTER TABLE business.academic_load ALTER COLUMN id ADD GENERATED BY DEFAULT AS IDENTITY (
    SEQUENCE NAME business.academic_load_id_seq
    START WITH 1
    INCREMENT BY 1
    NO MINVALUE
    NO MAXVALUE
    CACHE 1
);


--
-- TOC entry 222 (class 1259 OID 40353)
-- Name: agenda; Type: TABLE; Schema: business; Owner: postgres
--

CREATE TABLE business.agenda (
    id integer NOT NULL,
    name character varying(120) NOT NULL,
    description character varying(500) NOT NULL,
    status integer NOT NULL,
    created_at timestamp with time zone,
    updated_at timestamp with time zone,
    deleted_at timestamp with time zone
);


ALTER TABLE business.agenda OWNER TO postgres;

--
-- TOC entry 272 (class 1259 OID 40628)
-- Name: agenda_day; Type: TABLE; Schema: business; Owner: postgres
--

CREATE TABLE business.agenda_day (
    id integer NOT NULL,
    group_id integer NOT NULL,
    agenda_id integer NOT NULL,
    date date NOT NULL,
    opened_at timestamp with time zone,
    closed_at timestamp with time zone,
    status integer NOT NULL,
    created_at timestamp with time zone,
    updated_at timestamp with time zone,
    deleted_at timestamp with time zone
);


ALTER TABLE business.agenda_day OWNER TO postgres;

--
-- TOC entry 271 (class 1259 OID 40627)
-- Name: agenda_day_id_seq; Type: SEQUENCE; Schema: business; Owner: postgres
--

ALTER TABLE business.agenda_day ALTER COLUMN id ADD GENERATED BY DEFAULT AS IDENTITY (
    SEQUENCE NAME business.agenda_day_id_seq
    START WITH 1
    INCREMENT BY 1
    NO MINVALUE
    NO MAXVALUE
    CACHE 1
);


--
-- TOC entry 274 (class 1259 OID 40639)
-- Name: agenda_day_student; Type: TABLE; Schema: business; Owner: postgres
--

CREATE TABLE business.agenda_day_student (
    id integer NOT NULL,
    agenda_day_id integer NOT NULL,
    student_id integer NOT NULL,
    agenda_day_student_status integer NOT NULL,
    completed_at timestamp with time zone,
    "StudentId" integer,
    status integer NOT NULL,
    created_at timestamp with time zone,
    updated_at timestamp with time zone,
    deleted_at timestamp with time zone
);


ALTER TABLE business.agenda_day_student OWNER TO postgres;

--
-- TOC entry 273 (class 1259 OID 40638)
-- Name: agenda_day_student_id_seq; Type: SEQUENCE; Schema: business; Owner: postgres
--

ALTER TABLE business.agenda_day_student ALTER COLUMN id ADD GENERATED BY DEFAULT AS IDENTITY (
    SEQUENCE NAME business.agenda_day_student_id_seq
    START WITH 1
    INCREMENT BY 1
    NO MINVALUE
    NO MAXVALUE
    CACHE 1
);


--
-- TOC entry 221 (class 1259 OID 40352)
-- Name: agenda_id_seq; Type: SEQUENCE; Schema: business; Owner: postgres
--

ALTER TABLE business.agenda ALTER COLUMN id ADD GENERATED BY DEFAULT AS IDENTITY (
    SEQUENCE NAME business.agenda_id_seq
    START WITH 1
    INCREMENT BY 1
    NO MINVALUE
    NO MAXVALUE
    CACHE 1
);


--
-- TOC entry 282 (class 1259 OID 40702)
-- Name: attendants; Type: TABLE; Schema: business; Owner: postgres
--

CREATE TABLE business.attendants (
    id integer NOT NULL,
    student_id integer NOT NULL,
    person_id integer NOT NULL,
    relationship_type integer NOT NULL,
    status integer NOT NULL,
    created_at timestamp with time zone,
    updated_at timestamp with time zone,
    deleted_at timestamp with time zone
);


ALTER TABLE business.attendants OWNER TO postgres;

--
-- TOC entry 281 (class 1259 OID 40701)
-- Name: attendants_id_seq; Type: SEQUENCE; Schema: business; Owner: postgres
--

ALTER TABLE business.attendants ALTER COLUMN id ADD GENERATED BY DEFAULT AS IDENTITY (
    SEQUENCE NAME business.attendants_id_seq
    START WITH 1
    INCREMENT BY 1
    NO MINVALUE
    NO MAXVALUE
    CACHE 1
);


--
-- TOC entry 264 (class 1259 OID 40568)
-- Name: composition_agenda_question; Type: TABLE; Schema: business; Owner: postgres
--

CREATE TABLE business.composition_agenda_question (
    id integer NOT NULL,
    agenda_id integer NOT NULL,
    question_id integer NOT NULL,
    status integer NOT NULL,
    created_at timestamp with time zone,
    updated_at timestamp with time zone,
    deleted_at timestamp with time zone
);


ALTER TABLE business.composition_agenda_question OWNER TO postgres;

--
-- TOC entry 263 (class 1259 OID 40567)
-- Name: composition_agenda_question_id_seq; Type: SEQUENCE; Schema: business; Owner: postgres
--

ALTER TABLE business.composition_agenda_question ALTER COLUMN id ADD GENERATED BY DEFAULT AS IDENTITY (
    SEQUENCE NAME business.composition_agenda_question_id_seq
    START WITH 1
    INCREMENT BY 1
    NO MINVALUE
    NO MAXVALUE
    CACHE 1
);


--
-- TOC entry 258 (class 1259 OID 40511)
-- Name: dataBasic; Type: TABLE; Schema: business; Owner: postgres
--

CREATE TABLE business."dataBasic" (
    id integer NOT NULL,
    "personaId" integer NOT NULL,
    "rhId" integer NOT NULL,
    adress character varying NOT NULL,
    "birthDate" date NOT NULL,
    "stratumStatus" integer NOT NULL,
    "materialStatusId" integer NOT NULL,
    "epsId" integer NOT NULL,
    "munisipalityId" integer NOT NULL,
    status integer NOT NULL,
    created_at timestamp with time zone,
    updated_at timestamp with time zone,
    deleted_at timestamp with time zone
);


ALTER TABLE business."dataBasic" OWNER TO postgres;

--
-- TOC entry 257 (class 1259 OID 40510)
-- Name: dataBasic_id_seq; Type: SEQUENCE; Schema: business; Owner: postgres
--

ALTER TABLE business."dataBasic" ALTER COLUMN id ADD GENERATED BY DEFAULT AS IDENTITY (
    SEQUENCE NAME business."dataBasic_id_seq"
    START WITH 1
    INCREMENT BY 1
    NO MINVALUE
    NO MAXVALUE
    CACHE 1
);


--
-- TOC entry 284 (class 1259 OID 40713)
-- Name: group; Type: TABLE; Schema: business; Owner: postgres
--

CREATE TABLE business."group" (
    id integer NOT NULL,
    name character varying(120) NOT NULL,
    grade_id integer NOT NULL,
    amount_students integer NOT NULL,
    agenda_id integer,
    "GroupDirectorId" integer,
    status integer NOT NULL,
    created_at timestamp with time zone,
    updated_at timestamp with time zone,
    deleted_at timestamp with time zone
);


ALTER TABLE business."group" OWNER TO postgres;

--
-- TOC entry 286 (class 1259 OID 40729)
-- Name: group_director; Type: TABLE; Schema: business; Owner: postgres
--

CREATE TABLE business.group_director (
    id integer NOT NULL,
    teacher_id integer NOT NULL,
    group_id integer NOT NULL,
    status integer NOT NULL,
    created_at timestamp with time zone,
    updated_at timestamp with time zone,
    deleted_at timestamp with time zone
);


ALTER TABLE business.group_director OWNER TO postgres;

--
-- TOC entry 285 (class 1259 OID 40728)
-- Name: group_director_id_seq; Type: SEQUENCE; Schema: business; Owner: postgres
--

ALTER TABLE business.group_director ALTER COLUMN id ADD GENERATED BY DEFAULT AS IDENTITY (
    SEQUENCE NAME business.group_director_id_seq
    START WITH 1
    INCREMENT BY 1
    NO MINVALUE
    NO MAXVALUE
    CACHE 1
);


--
-- TOC entry 283 (class 1259 OID 40712)
-- Name: group_id_seq; Type: SEQUENCE; Schema: business; Owner: postgres
--

ALTER TABLE business."group" ALTER COLUMN id ADD GENERATED BY DEFAULT AS IDENTITY (
    SEQUENCE NAME business.group_id_seq
    START WITH 1
    INCREMENT BY 1
    NO MINVALUE
    NO MAXVALUE
    CACHE 1
);


--
-- TOC entry 256 (class 1259 OID 40500)
-- Name: question; Type: TABLE; Schema: business; Owner: postgres
--

CREATE TABLE business.question (
    id integer NOT NULL,
    text character varying(300) NOT NULL,
    type_answer_id integer NOT NULL,
    status integer NOT NULL,
    created_at timestamp with time zone,
    updated_at timestamp with time zone,
    deleted_at timestamp with time zone
);


ALTER TABLE business.question OWNER TO postgres;

--
-- TOC entry 255 (class 1259 OID 40499)
-- Name: question_id_seq; Type: SEQUENCE; Schema: business; Owner: postgres
--

ALTER TABLE business.question ALTER COLUMN id ADD GENERATED BY DEFAULT AS IDENTITY (
    SEQUENCE NAME business.question_id_seq
    START WITH 1
    INCREMENT BY 1
    NO MINVALUE
    NO MAXVALUE
    CACHE 1
);


--
-- TOC entry 266 (class 1259 OID 40584)
-- Name: question_option; Type: TABLE; Schema: business; Owner: postgres
--

CREATE TABLE business.question_option (
    id integer NOT NULL,
    question_id integer NOT NULL,
    text character varying(200) NOT NULL,
    "order" integer DEFAULT 0 NOT NULL,
    status integer NOT NULL,
    created_at timestamp with time zone,
    updated_at timestamp with time zone,
    deleted_at timestamp with time zone
);


ALTER TABLE business.question_option OWNER TO postgres;

--
-- TOC entry 265 (class 1259 OID 40583)
-- Name: question_option_id_seq; Type: SEQUENCE; Schema: business; Owner: postgres
--

ALTER TABLE business.question_option ALTER COLUMN id ADD GENERATED BY DEFAULT AS IDENTITY (
    SEQUENCE NAME business.question_option_id_seq
    START WITH 1
    INCREMENT BY 1
    NO MINVALUE
    NO MAXVALUE
    CACHE 1
);


--
-- TOC entry 288 (class 1259 OID 40745)
-- Name: student; Type: TABLE; Schema: business; Owner: postgres
--

CREATE TABLE business.student (
    id integer NOT NULL,
    person_id integer NOT NULL,
    group_id integer NOT NULL,
    status integer NOT NULL,
    created_at timestamp with time zone,
    updated_at timestamp with time zone,
    deleted_at timestamp with time zone
);


ALTER TABLE business.student OWNER TO postgres;

--
-- TOC entry 276 (class 1259 OID 40650)
-- Name: student_answer; Type: TABLE; Schema: business; Owner: postgres
--

CREATE TABLE business.student_answer (
    id integer NOT NULL,
    agenda_day_student_id integer NOT NULL,
    question_id integer NOT NULL,
    value_text character varying(1000),
    value_bool boolean,
    value_number numeric(10,2),
    value_date date,
    status integer NOT NULL,
    created_at timestamp with time zone,
    updated_at timestamp with time zone,
    deleted_at timestamp with time zone
);


ALTER TABLE business.student_answer OWNER TO postgres;

--
-- TOC entry 275 (class 1259 OID 40649)
-- Name: student_answer_id_seq; Type: SEQUENCE; Schema: business; Owner: postgres
--

ALTER TABLE business.student_answer ALTER COLUMN id ADD GENERATED BY DEFAULT AS IDENTITY (
    SEQUENCE NAME business.student_answer_id_seq
    START WITH 1
    INCREMENT BY 1
    NO MINVALUE
    NO MAXVALUE
    CACHE 1
);


--
-- TOC entry 280 (class 1259 OID 40686)
-- Name: student_answer_option; Type: TABLE; Schema: business; Owner: postgres
--

CREATE TABLE business.student_answer_option (
    id integer NOT NULL,
    student_answer_id integer NOT NULL,
    question_option_id integer NOT NULL,
    status integer NOT NULL,
    created_at timestamp with time zone,
    updated_at timestamp with time zone,
    deleted_at timestamp with time zone
);


ALTER TABLE business.student_answer_option OWNER TO postgres;

--
-- TOC entry 279 (class 1259 OID 40685)
-- Name: student_answer_option_id_seq; Type: SEQUENCE; Schema: business; Owner: postgres
--

ALTER TABLE business.student_answer_option ALTER COLUMN id ADD GENERATED BY DEFAULT AS IDENTITY (
    SEQUENCE NAME business.student_answer_option_id_seq
    START WITH 1
    INCREMENT BY 1
    NO MINVALUE
    NO MAXVALUE
    CACHE 1
);


--
-- TOC entry 287 (class 1259 OID 40744)
-- Name: student_id_seq; Type: SEQUENCE; Schema: business; Owner: postgres
--

ALTER TABLE business.student ALTER COLUMN id ADD GENERATED BY DEFAULT AS IDENTITY (
    SEQUENCE NAME business.student_id_seq
    START WITH 1
    INCREMENT BY 1
    NO MINVALUE
    NO MAXVALUE
    CACHE 1
);


--
-- TOC entry 260 (class 1259 OID 40544)
-- Name: teacher; Type: TABLE; Schema: business; Owner: postgres
--

CREATE TABLE business.teacher (
    id integer NOT NULL,
    person_id integer NOT NULL,
    status integer NOT NULL,
    created_at timestamp with time zone,
    updated_at timestamp with time zone,
    deleted_at timestamp with time zone
);


ALTER TABLE business.teacher OWNER TO postgres;

--
-- TOC entry 259 (class 1259 OID 40543)
-- Name: teacher_id_seq; Type: SEQUENCE; Schema: business; Owner: postgres
--

ALTER TABLE business.teacher ALTER COLUMN id ADD GENERATED BY DEFAULT AS IDENTITY (
    SEQUENCE NAME business.teacher_id_seq
    START WITH 1
    INCREMENT BY 1
    NO MINVALUE
    NO MAXVALUE
    CACHE 1
);


--
-- TOC entry 278 (class 1259 OID 40668)
-- Name: teacher_observation; Type: TABLE; Schema: business; Owner: postgres
--

CREATE TABLE business.teacher_observation (
    id integer NOT NULL,
    teacher_id integer NOT NULL,
    agenda_day_student_id integer NOT NULL,
    text character varying(1000) NOT NULL,
    status integer NOT NULL,
    created_at timestamp with time zone,
    updated_at timestamp with time zone,
    deleted_at timestamp with time zone
);


ALTER TABLE business.teacher_observation OWNER TO postgres;

--
-- TOC entry 277 (class 1259 OID 40667)
-- Name: teacher_observation_id_seq; Type: SEQUENCE; Schema: business; Owner: postgres
--

ALTER TABLE business.teacher_observation ALTER COLUMN id ADD GENERATED BY DEFAULT AS IDENTITY (
    SEQUENCE NAME business.teacher_observation_id_seq
    START WITH 1
    INCREMENT BY 1
    NO MINVALUE
    NO MAXVALUE
    CACHE 1
);


--
-- TOC entry 224 (class 1259 OID 40361)
-- Name: departamet; Type: TABLE; Schema: parameters; Owner: postgres
--

CREATE TABLE parameters.departamet (
    id integer NOT NULL,
    name character varying(100) NOT NULL,
    status integer NOT NULL,
    created_at timestamp with time zone,
    updated_at timestamp with time zone,
    deleted_at timestamp with time zone
);


ALTER TABLE parameters.departamet OWNER TO postgres;

--
-- TOC entry 223 (class 1259 OID 40360)
-- Name: departamet_id_seq; Type: SEQUENCE; Schema: parameters; Owner: postgres
--

ALTER TABLE parameters.departamet ALTER COLUMN id ADD GENERATED BY DEFAULT AS IDENTITY (
    SEQUENCE NAME parameters.departamet_id_seq
    START WITH 1
    INCREMENT BY 1
    NO MINVALUE
    NO MAXVALUE
    CACHE 1
);


--
-- TOC entry 226 (class 1259 OID 40367)
-- Name: documentType; Type: TABLE; Schema: parameters; Owner: postgres
--

CREATE TABLE parameters."documentType" (
    id integer NOT NULL,
    name character varying(100) NOT NULL,
    "Acronym" character varying(5) NOT NULL,
    status integer NOT NULL,
    created_at timestamp with time zone,
    updated_at timestamp with time zone,
    deleted_at timestamp with time zone
);


ALTER TABLE parameters."documentType" OWNER TO postgres;

--
-- TOC entry 225 (class 1259 OID 40366)
-- Name: documentType_id_seq; Type: SEQUENCE; Schema: parameters; Owner: postgres
--

ALTER TABLE parameters."documentType" ALTER COLUMN id ADD GENERATED BY DEFAULT AS IDENTITY (
    SEQUENCE NAME parameters."documentType_id_seq"
    START WITH 1
    INCREMENT BY 1
    NO MINVALUE
    NO MAXVALUE
    CACHE 1
);


--
-- TOC entry 228 (class 1259 OID 40373)
-- Name: eps; Type: TABLE; Schema: parameters; Owner: postgres
--

CREATE TABLE parameters.eps (
    id integer NOT NULL,
    name character varying(100) NOT NULL,
    status integer NOT NULL,
    created_at timestamp with time zone,
    updated_at timestamp with time zone,
    deleted_at timestamp with time zone
);


ALTER TABLE parameters.eps OWNER TO postgres;

--
-- TOC entry 227 (class 1259 OID 40372)
-- Name: eps_id_seq; Type: SEQUENCE; Schema: parameters; Owner: postgres
--

ALTER TABLE parameters.eps ALTER COLUMN id ADD GENERATED BY DEFAULT AS IDENTITY (
    SEQUENCE NAME parameters.eps_id_seq
    START WITH 1
    INCREMENT BY 1
    NO MINVALUE
    NO MAXVALUE
    CACHE 1
);


--
-- TOC entry 232 (class 1259 OID 40387)
-- Name: grade; Type: TABLE; Schema: parameters; Owner: postgres
--

CREATE TABLE parameters.grade (
    id integer NOT NULL,
    name character varying(100) NOT NULL,
    status integer NOT NULL,
    created_at timestamp with time zone,
    updated_at timestamp with time zone,
    deleted_at timestamp with time zone
);


ALTER TABLE parameters.grade OWNER TO postgres;

--
-- TOC entry 231 (class 1259 OID 40386)
-- Name: grade_id_seq; Type: SEQUENCE; Schema: parameters; Owner: postgres
--

ALTER TABLE parameters.grade ALTER COLUMN id ADD GENERATED BY DEFAULT AS IDENTITY (
    SEQUENCE NAME parameters.grade_id_seq
    START WITH 1
    INCREMENT BY 1
    NO MINVALUE
    NO MAXVALUE
    CACHE 1
);


--
-- TOC entry 234 (class 1259 OID 40393)
-- Name: materialStatus; Type: TABLE; Schema: parameters; Owner: postgres
--

CREATE TABLE parameters."materialStatus" (
    id integer NOT NULL,
    name character varying(100) NOT NULL,
    status integer NOT NULL,
    created_at timestamp with time zone,
    updated_at timestamp with time zone,
    deleted_at timestamp with time zone
);


ALTER TABLE parameters."materialStatus" OWNER TO postgres;

--
-- TOC entry 233 (class 1259 OID 40392)
-- Name: materialStatus_id_seq; Type: SEQUENCE; Schema: parameters; Owner: postgres
--

ALTER TABLE parameters."materialStatus" ALTER COLUMN id ADD GENERATED BY DEFAULT AS IDENTITY (
    SEQUENCE NAME parameters."materialStatus_id_seq"
    START WITH 1
    INCREMENT BY 1
    NO MINVALUE
    NO MAXVALUE
    CACHE 1
);


--
-- TOC entry 248 (class 1259 OID 40441)
-- Name: munisipality; Type: TABLE; Schema: parameters; Owner: postgres
--

CREATE TABLE parameters.munisipality (
    id integer NOT NULL,
    name character varying(100) NOT NULL,
    "departametId" integer NOT NULL,
    status integer NOT NULL,
    created_at timestamp with time zone,
    updated_at timestamp with time zone,
    deleted_at timestamp with time zone
);


ALTER TABLE parameters.munisipality OWNER TO postgres;

--
-- TOC entry 247 (class 1259 OID 40440)
-- Name: munisipality_id_seq; Type: SEQUENCE; Schema: parameters; Owner: postgres
--

ALTER TABLE parameters.munisipality ALTER COLUMN id ADD GENERATED BY DEFAULT AS IDENTITY (
    SEQUENCE NAME parameters.munisipality_id_seq
    START WITH 1
    INCREMENT BY 1
    NO MINVALUE
    NO MAXVALUE
    CACHE 1
);


--
-- TOC entry 240 (class 1259 OID 40415)
-- Name: rh; Type: TABLE; Schema: parameters; Owner: postgres
--

CREATE TABLE parameters.rh (
    id integer NOT NULL,
    name character varying(100) NOT NULL,
    status integer NOT NULL,
    created_at timestamp with time zone,
    updated_at timestamp with time zone,
    deleted_at timestamp with time zone
);


ALTER TABLE parameters.rh OWNER TO postgres;

--
-- TOC entry 239 (class 1259 OID 40414)
-- Name: rh_id_seq; Type: SEQUENCE; Schema: parameters; Owner: postgres
--

ALTER TABLE parameters.rh ALTER COLUMN id ADD GENERATED BY DEFAULT AS IDENTITY (
    SEQUENCE NAME parameters.rh_id_seq
    START WITH 1
    INCREMENT BY 1
    NO MINVALUE
    NO MAXVALUE
    CACHE 1
);


--
-- TOC entry 244 (class 1259 OID 40429)
-- Name: subject; Type: TABLE; Schema: parameters; Owner: postgres
--

CREATE TABLE parameters.subject (
    id integer NOT NULL,
    name character varying(100) NOT NULL,
    status integer NOT NULL,
    created_at timestamp with time zone,
    updated_at timestamp with time zone,
    deleted_at timestamp with time zone
);


ALTER TABLE parameters.subject OWNER TO postgres;

--
-- TOC entry 243 (class 1259 OID 40428)
-- Name: subject_id_seq; Type: SEQUENCE; Schema: parameters; Owner: postgres
--

ALTER TABLE parameters.subject ALTER COLUMN id ADD GENERATED BY DEFAULT AS IDENTITY (
    SEQUENCE NAME parameters.subject_id_seq
    START WITH 1
    INCREMENT BY 1
    NO MINVALUE
    NO MAXVALUE
    CACHE 1
);


--
-- TOC entry 246 (class 1259 OID 40435)
-- Name: type_answare; Type: TABLE; Schema: parameters; Owner: postgres
--

CREATE TABLE parameters.type_answare (
    id integer NOT NULL,
    name character varying(80) NOT NULL,
    description character varying(250),
    status integer NOT NULL,
    created_at timestamp with time zone,
    updated_at timestamp with time zone,
    deleted_at timestamp with time zone
);


ALTER TABLE parameters.type_answare OWNER TO postgres;

--
-- TOC entry 245 (class 1259 OID 40434)
-- Name: type_answare_id_seq; Type: SEQUENCE; Schema: parameters; Owner: postgres
--

ALTER TABLE parameters.type_answare ALTER COLUMN id ADD GENERATED BY DEFAULT AS IDENTITY (
    SEQUENCE NAME parameters.type_answare_id_seq
    START WITH 1
    INCREMENT BY 1
    NO MINVALUE
    NO MAXVALUE
    CACHE 1
);


--
-- TOC entry 230 (class 1259 OID 40379)
-- Name: form; Type: TABLE; Schema: security; Owner: postgres
--

CREATE TABLE security.form (
    id integer NOT NULL,
    name text NOT NULL,
    description text NOT NULL,
    path text NOT NULL,
    "order" integer NOT NULL,
    status integer NOT NULL,
    created_at timestamp with time zone,
    updated_at timestamp with time zone,
    deleted_at timestamp with time zone
);


ALTER TABLE security.form OWNER TO postgres;

--
-- TOC entry 229 (class 1259 OID 40378)
-- Name: form_id_seq; Type: SEQUENCE; Schema: security; Owner: postgres
--

ALTER TABLE security.form ALTER COLUMN id ADD GENERATED BY DEFAULT AS IDENTITY (
    SEQUENCE NAME security.form_id_seq
    START WITH 1
    INCREMENT BY 1
    NO MINVALUE
    NO MAXVALUE
    CACHE 1
);


--
-- TOC entry 236 (class 1259 OID 40399)
-- Name: module; Type: TABLE; Schema: security; Owner: postgres
--

CREATE TABLE security.module (
    id integer NOT NULL,
    name character varying(100) NOT NULL,
    icon text NOT NULL,
    path text NOT NULL,
    "order" integer NOT NULL,
    description text NOT NULL,
    status integer NOT NULL,
    created_at timestamp with time zone,
    updated_at timestamp with time zone,
    deleted_at timestamp with time zone
);


ALTER TABLE security.module OWNER TO postgres;

--
-- TOC entry 252 (class 1259 OID 40463)
-- Name: moduleForm; Type: TABLE; Schema: security; Owner: postgres
--

CREATE TABLE security."moduleForm" (
    id integer NOT NULL,
    module_id integer NOT NULL,
    form_id integer NOT NULL,
    status integer NOT NULL,
    created_at timestamp with time zone,
    updated_at timestamp with time zone,
    deleted_at timestamp with time zone
);


ALTER TABLE security."moduleForm" OWNER TO postgres;

--
-- TOC entry 251 (class 1259 OID 40462)
-- Name: moduleForm_id_seq; Type: SEQUENCE; Schema: security; Owner: postgres
--

ALTER TABLE security."moduleForm" ALTER COLUMN id ADD GENERATED BY DEFAULT AS IDENTITY (
    SEQUENCE NAME security."moduleForm_id_seq"
    START WITH 1
    INCREMENT BY 1
    NO MINVALUE
    NO MAXVALUE
    CACHE 1
);


--
-- TOC entry 235 (class 1259 OID 40398)
-- Name: module_id_seq; Type: SEQUENCE; Schema: security; Owner: postgres
--

ALTER TABLE security.module ALTER COLUMN id ADD GENERATED BY DEFAULT AS IDENTITY (
    SEQUENCE NAME security.module_id_seq
    START WITH 1
    INCREMENT BY 1
    NO MINVALUE
    NO MAXVALUE
    CACHE 1
);


--
-- TOC entry 238 (class 1259 OID 40407)
-- Name: permission; Type: TABLE; Schema: security; Owner: postgres
--

CREATE TABLE security.permission (
    id integer NOT NULL,
    name character varying(100) NOT NULL,
    description text NOT NULL,
    status integer NOT NULL,
    created_at timestamp with time zone,
    updated_at timestamp with time zone,
    deleted_at timestamp with time zone
);


ALTER TABLE security.permission OWNER TO postgres;

--
-- TOC entry 237 (class 1259 OID 40406)
-- Name: permission_id_seq; Type: SEQUENCE; Schema: security; Owner: postgres
--

ALTER TABLE security.permission ALTER COLUMN id ADD GENERATED BY DEFAULT AS IDENTITY (
    SEQUENCE NAME security.permission_id_seq
    START WITH 1
    INCREMENT BY 1
    NO MINVALUE
    NO MAXVALUE
    CACHE 1
);


--
-- TOC entry 250 (class 1259 OID 40452)
-- Name: person; Type: TABLE; Schema: security; Owner: postgres
--

CREATE TABLE security.person (
    id integer NOT NULL,
    "DocumentTypeId" integer NOT NULL,
    identification bigint NOT NULL,
    "fisrtName" character varying(100) NOT NULL,
    "secondName" character varying(100) NOT NULL,
    "lastName" character varying(100) NOT NULL,
    "secondLastName" character varying(100) NOT NULL,
    phone bigint NOT NULL,
    gender integer NOT NULL,
    age integer NOT NULL,
    status integer NOT NULL,
    created_at timestamp with time zone,
    updated_at timestamp with time zone,
    deleted_at timestamp with time zone
);


ALTER TABLE security.person OWNER TO postgres;

--
-- TOC entry 249 (class 1259 OID 40451)
-- Name: person_id_seq; Type: SEQUENCE; Schema: security; Owner: postgres
--

ALTER TABLE security.person ALTER COLUMN id ADD GENERATED BY DEFAULT AS IDENTITY (
    SEQUENCE NAME security.person_id_seq
    START WITH 1
    INCREMENT BY 1
    NO MINVALUE
    NO MAXVALUE
    CACHE 1
);


--
-- TOC entry 242 (class 1259 OID 40421)
-- Name: rol; Type: TABLE; Schema: security; Owner: postgres
--

CREATE TABLE security.rol (
    id integer NOT NULL,
    name character varying(100) NOT NULL,
    description text NOT NULL,
    status integer NOT NULL,
    created_at timestamp with time zone,
    updated_at timestamp with time zone,
    deleted_at timestamp with time zone
);


ALTER TABLE security.rol OWNER TO postgres;

--
-- TOC entry 254 (class 1259 OID 40479)
-- Name: rolFormPermission; Type: TABLE; Schema: security; Owner: postgres
--

CREATE TABLE security."rolFormPermission" (
    id integer NOT NULL,
    rol_id integer NOT NULL,
    form_id integer NOT NULL,
    permission_id integer NOT NULL,
    status integer NOT NULL,
    created_at timestamp with time zone,
    updated_at timestamp with time zone,
    deleted_at timestamp with time zone
);


ALTER TABLE security."rolFormPermission" OWNER TO postgres;

--
-- TOC entry 253 (class 1259 OID 40478)
-- Name: rolFormPermission_id_seq; Type: SEQUENCE; Schema: security; Owner: postgres
--

ALTER TABLE security."rolFormPermission" ALTER COLUMN id ADD GENERATED BY DEFAULT AS IDENTITY (
    SEQUENCE NAME security."rolFormPermission_id_seq"
    START WITH 1
    INCREMENT BY 1
    NO MINVALUE
    NO MAXVALUE
    CACHE 1
);


--
-- TOC entry 241 (class 1259 OID 40420)
-- Name: rol_id_seq; Type: SEQUENCE; Schema: security; Owner: postgres
--

ALTER TABLE security.rol ALTER COLUMN id ADD GENERATED BY DEFAULT AS IDENTITY (
    SEQUENCE NAME security.rol_id_seq
    START WITH 1
    INCREMENT BY 1
    NO MINVALUE
    NO MAXVALUE
    CACHE 1
);


--
-- TOC entry 262 (class 1259 OID 40555)
-- Name: user; Type: TABLE; Schema: security; Owner: postgres
--

CREATE TABLE security."user" (
    id integer NOT NULL,
    photo text NOT NULL,
    email character varying(255) NOT NULL,
    password text NOT NULL,
    person_id integer NOT NULL,
    status integer NOT NULL,
    created_at timestamp with time zone,
    updated_at timestamp with time zone,
    deleted_at timestamp with time zone
);


ALTER TABLE security."user" OWNER TO postgres;

--
-- TOC entry 268 (class 1259 OID 40596)
-- Name: userRol; Type: TABLE; Schema: security; Owner: postgres
--

CREATE TABLE security."userRol" (
    id integer NOT NULL,
    user_id integer NOT NULL,
    rol_id integer NOT NULL,
    status integer NOT NULL,
    created_at timestamp with time zone,
    updated_at timestamp with time zone,
    deleted_at timestamp with time zone
);


ALTER TABLE security."userRol" OWNER TO postgres;

--
-- TOC entry 267 (class 1259 OID 40595)
-- Name: userRol_id_seq; Type: SEQUENCE; Schema: security; Owner: postgres
--

ALTER TABLE security."userRol" ALTER COLUMN id ADD GENERATED BY DEFAULT AS IDENTITY (
    SEQUENCE NAME security."userRol_id_seq"
    START WITH 1
    INCREMENT BY 1
    NO MINVALUE
    NO MAXVALUE
    CACHE 1
);


--
-- TOC entry 261 (class 1259 OID 40554)
-- Name: user_id_seq; Type: SEQUENCE; Schema: security; Owner: postgres
--

ALTER TABLE security."user" ALTER COLUMN id ADD GENERATED BY DEFAULT AS IDENTITY (
    SEQUENCE NAME security.user_id_seq
    START WITH 1
    INCREMENT BY 1
    NO MINVALUE
    NO MAXVALUE
    CACHE 1
);


--
-- TOC entry 5265 (class 0 OID 40612)
-- Dependencies: 270
-- Data for Name: academic_load; Type: TABLE DATA; Schema: business; Owner: postgres
--

COPY business.academic_load (id, teacher_id, subject_id, group_id, day_of_week, "time", status, created_at, updated_at, deleted_at) FROM stdin;
\.


--
-- TOC entry 5217 (class 0 OID 40353)
-- Dependencies: 222
-- Data for Name: agenda; Type: TABLE DATA; Schema: business; Owner: postgres
--

COPY business.agenda (id, name, description, status, created_at, updated_at, deleted_at) FROM stdin;
1	Agenda generica	Para todo el colegio	1	2025-09-22 16:31:04.283687-05	\N	\N
\.


--
-- TOC entry 5267 (class 0 OID 40628)
-- Dependencies: 272
-- Data for Name: agenda_day; Type: TABLE DATA; Schema: business; Owner: postgres
--

COPY business.agenda_day (id, group_id, agenda_id, date, opened_at, closed_at, status, created_at, updated_at, deleted_at) FROM stdin;
\.


--
-- TOC entry 5269 (class 0 OID 40639)
-- Dependencies: 274
-- Data for Name: agenda_day_student; Type: TABLE DATA; Schema: business; Owner: postgres
--

COPY business.agenda_day_student (id, agenda_day_id, student_id, agenda_day_student_status, completed_at, "StudentId", status, created_at, updated_at, deleted_at) FROM stdin;
\.


--
-- TOC entry 5277 (class 0 OID 40702)
-- Dependencies: 282
-- Data for Name: attendants; Type: TABLE DATA; Schema: business; Owner: postgres
--

COPY business.attendants (id, student_id, person_id, relationship_type, status, created_at, updated_at, deleted_at) FROM stdin;
\.


--
-- TOC entry 5259 (class 0 OID 40568)
-- Dependencies: 264
-- Data for Name: composition_agenda_question; Type: TABLE DATA; Schema: business; Owner: postgres
--

COPY business.composition_agenda_question (id, agenda_id, question_id, status, created_at, updated_at, deleted_at) FROM stdin;
\.


--
-- TOC entry 5253 (class 0 OID 40511)
-- Dependencies: 258
-- Data for Name: dataBasic; Type: TABLE DATA; Schema: business; Owner: postgres
--

COPY business."dataBasic" (id, "personaId", "rhId", adress, "birthDate", "stratumStatus", "materialStatusId", "epsId", "munisipalityId", status, created_at, updated_at, deleted_at) FROM stdin;
1	1	1	Calle 10 #15-20	1993-05-12	3	1	1	200	1	\N	\N	\N
2	2	2	Carrera 25 #8-30	2000-11-03	4	2	1	200	1	\N	\N	\N
3	3	3	Diagonal 45 #20-15	1993-05-12	2	2	1	200	1	\N	\N	\N
4	4	1	Avenida 7 #12-45	1993-05-12	5	1	1	200	1	\N	\N	\N
7	8	1	Cr 2 # 4-2	2025-09-03	1	1	1	1	1	\N	\N	\N
5	5	2	Calle 50 #25-900	1993-05-12	3	2	1	200	1	\N	\N	\N
\.


--
-- TOC entry 5279 (class 0 OID 40713)
-- Dependencies: 284
-- Data for Name: group; Type: TABLE DATA; Schema: business; Owner: postgres
--

COPY business."group" (id, name, grade_id, amount_students, agenda_id, "GroupDirectorId", status, created_at, updated_at, deleted_at) FROM stdin;
1	Primero A	1	20	1	\N	1	2025-09-22 16:32:04.482711-05	\N	\N
\.


--
-- TOC entry 5281 (class 0 OID 40729)
-- Dependencies: 286
-- Data for Name: group_director; Type: TABLE DATA; Schema: business; Owner: postgres
--

COPY business.group_director (id, teacher_id, group_id, status, created_at, updated_at, deleted_at) FROM stdin;
6	2	1	1	2025-09-22 16:44:45.534808-05	\N	\N
\.


--
-- TOC entry 5251 (class 0 OID 40500)
-- Dependencies: 256
-- Data for Name: question; Type: TABLE DATA; Schema: business; Owner: postgres
--

COPY business.question (id, text, type_answer_id, status, created_at, updated_at, deleted_at) FROM stdin;
\.


--
-- TOC entry 5261 (class 0 OID 40584)
-- Dependencies: 266
-- Data for Name: question_option; Type: TABLE DATA; Schema: business; Owner: postgres
--

COPY business.question_option (id, question_id, text, "order", status, created_at, updated_at, deleted_at) FROM stdin;
\.


--
-- TOC entry 5283 (class 0 OID 40745)
-- Dependencies: 288
-- Data for Name: student; Type: TABLE DATA; Schema: business; Owner: postgres
--

COPY business.student (id, person_id, group_id, status, created_at, updated_at, deleted_at) FROM stdin;
\.


--
-- TOC entry 5271 (class 0 OID 40650)
-- Dependencies: 276
-- Data for Name: student_answer; Type: TABLE DATA; Schema: business; Owner: postgres
--

COPY business.student_answer (id, agenda_day_student_id, question_id, value_text, value_bool, value_number, value_date, status, created_at, updated_at, deleted_at) FROM stdin;
\.


--
-- TOC entry 5275 (class 0 OID 40686)
-- Dependencies: 280
-- Data for Name: student_answer_option; Type: TABLE DATA; Schema: business; Owner: postgres
--

COPY business.student_answer_option (id, student_answer_id, question_option_id, status, created_at, updated_at, deleted_at) FROM stdin;
\.


--
-- TOC entry 5255 (class 0 OID 40544)
-- Dependencies: 260
-- Data for Name: teacher; Type: TABLE DATA; Schema: business; Owner: postgres
--

COPY business.teacher (id, person_id, status, created_at, updated_at, deleted_at) FROM stdin;
2	5	1	2025-09-22 16:28:58.425945-05	\N	\N
\.


--
-- TOC entry 5273 (class 0 OID 40668)
-- Dependencies: 278
-- Data for Name: teacher_observation; Type: TABLE DATA; Schema: business; Owner: postgres
--

COPY business.teacher_observation (id, teacher_id, agenda_day_student_id, text, status, created_at, updated_at, deleted_at) FROM stdin;
\.


--
-- TOC entry 5219 (class 0 OID 40361)
-- Dependencies: 224
-- Data for Name: departamet; Type: TABLE DATA; Schema: parameters; Owner: postgres
--

COPY parameters.departamet (id, name, status, created_at, updated_at, deleted_at) FROM stdin;
1	Amazonas	1	\N	\N	\N
2	Antioquia	1	\N	\N	\N
3	Arauca	1	\N	\N	\N
4	Atlántico	1	\N	\N	\N
5	Bolívar	1	\N	\N	\N
6	Boyacá	1	\N	\N	\N
7	Caldas	1	\N	\N	\N
8	Caquetá	1	\N	\N	\N
9	Casanare	1	\N	\N	\N
10	Cauca	1	\N	\N	\N
11	Cesar	1	\N	\N	\N
12	Chocó	1	\N	\N	\N
13	Córdoba	1	\N	\N	\N
14	Cundinamarca	1	\N	\N	\N
15	Guainía	1	\N	\N	\N
16	Guaviare	1	\N	\N	\N
17	Huila	1	\N	\N	\N
18	La Guajira	1	\N	\N	\N
19	Magdalena	1	\N	\N	\N
20	Meta	1	\N	\N	\N
21	Nariño	1	\N	\N	\N
22	Norte de Santander	1	\N	\N	\N
23	Putumayo	1	\N	\N	\N
24	Quindío	1	\N	\N	\N
25	Risaralda	1	\N	\N	\N
26	San Andrés y Providencia	1	\N	\N	\N
27	Santander	1	\N	\N	\N
28	Sucre	1	\N	\N	\N
29	Tolima	1	\N	\N	\N
30	Valle del Cauca	1	\N	\N	\N
31	Vaupés	1	\N	\N	\N
32	Vichada	1	\N	\N	\N
\.


--
-- TOC entry 5221 (class 0 OID 40367)
-- Dependencies: 226
-- Data for Name: documentType; Type: TABLE DATA; Schema: parameters; Owner: postgres
--

COPY parameters."documentType" (id, name, "Acronym", status, created_at, updated_at, deleted_at) FROM stdin;
1	Cedula Ciudadana	C.C	1	\N	\N	\N
2	Targeta de identidad	T.I	1	\N	\N	\N
3	Registro civil	R.C	1	\N	\N	\N
\.


--
-- TOC entry 5223 (class 0 OID 40373)
-- Dependencies: 228
-- Data for Name: eps; Type: TABLE DATA; Schema: parameters; Owner: postgres
--

COPY parameters.eps (id, name, status, created_at, updated_at, deleted_at) FROM stdin;
1	Nueva eps	1	\N	\N	\N
2	Sanitas	1	\N	\N	\N
3	Coperacion indigena	1	\N	\N	\N
4	Estocolmo	1	\N	\N	\N
\.


--
-- TOC entry 5227 (class 0 OID 40387)
-- Dependencies: 232
-- Data for Name: grade; Type: TABLE DATA; Schema: parameters; Owner: postgres
--

COPY parameters.grade (id, name, status, created_at, updated_at, deleted_at) FROM stdin;
1	Grado	1	\N	\N	\N
2	Primero	1	\N	\N	\N
3	Segundo	1	\N	\N	\N
4	Tercero	1	\N	\N	\N
5	Cuarto	1	\N	\N	\N
6	Quinto	1	\N	\N	\N
\.


--
-- TOC entry 5229 (class 0 OID 40393)
-- Dependencies: 234
-- Data for Name: materialStatus; Type: TABLE DATA; Schema: parameters; Owner: postgres
--

COPY parameters."materialStatus" (id, name, status, created_at, updated_at, deleted_at) FROM stdin;
1	Casado	1	\N	\N	\N
2	Soltero	1	\N	\N	\N
\.


--
-- TOC entry 5243 (class 0 OID 40441)
-- Dependencies: 248
-- Data for Name: munisipality; Type: TABLE DATA; Schema: parameters; Owner: postgres
--

COPY parameters.munisipality (id, name, "departametId", status, created_at, updated_at, deleted_at) FROM stdin;
1	Leticia	1	1	\N	\N	\N
2	Puerto Nariño	1	1	\N	\N	\N
3	Tarapacá	1	1	\N	\N	\N
4	La Pedrera	1	1	\N	\N	\N
5	El Encanto	1	1	\N	\N	\N
6	Medellín	2	1	\N	\N	\N
7	Bello	2	1	\N	\N	\N
8	Envigado	2	1	\N	\N	\N
9	Itagüí	2	1	\N	\N	\N
10	Rionegro	2	1	\N	\N	\N
11	Arauca	3	1	\N	\N	\N
12	Saravena	3	1	\N	\N	\N
13	Tame	3	1	\N	\N	\N
14	Fortul	3	1	\N	\N	\N
15	Arauquita	3	1	\N	\N	\N
16	Barranquilla	4	1	\N	\N	\N
17	Soledad	4	1	\N	\N	\N
18	Malambo	4	1	\N	\N	\N
19	Sabanalarga	4	1	\N	\N	\N
20	Galapa	4	1	\N	\N	\N
21	Cartagena de Indias	5	1	\N	\N	\N
22	Magangué	5	1	\N	\N	\N
23	Turbaco	5	1	\N	\N	\N
24	Arjona	5	1	\N	\N	\N
25	El Carmen de Bolívar	5	1	\N	\N	\N
26	Tunja	6	1	\N	\N	\N
27	Duitama	6	1	\N	\N	\N
28	Sogamoso	6	1	\N	\N	\N
29	Chiquinquirá	6	1	\N	\N	\N
30	Paipa	6	1	\N	\N	\N
31	Manizales	7	1	\N	\N	\N
32	Villamaría	7	1	\N	\N	\N
33	Chinchiná	7	1	\N	\N	\N
34	La Dorada	7	1	\N	\N	\N
35	Riosucio	7	1	\N	\N	\N
36	Florencia	8	1	\N	\N	\N
37	San Vicente del Caguán	8	1	\N	\N	\N
38	Puerto Rico	8	1	\N	\N	\N
39	Cartagena del Chairá	8	1	\N	\N	\N
40	El Doncello	8	1	\N	\N	\N
41	Yopal	9	1	\N	\N	\N
42	Aguazul	9	1	\N	\N	\N
43	Villanueva	9	1	\N	\N	\N
44	Monterrey	9	1	\N	\N	\N
45	Tauramena	9	1	\N	\N	\N
46	Popayán	10	1	\N	\N	\N
47	Santander de Quilichao	10	1	\N	\N	\N
48	Puerto Tejada	10	1	\N	\N	\N
49	Patía (El Bordo)	10	1	\N	\N	\N
50	Guapi	10	1	\N	\N	\N
51	Valledupar	11	1	\N	\N	\N
52	Aguachica	11	1	\N	\N	\N
53	Bosconia	11	1	\N	\N	\N
54	Curumaní	11	1	\N	\N	\N
55	Chimichagua	11	1	\N	\N	\N
56	Quibdó	12	1	\N	\N	\N
57	Istmina	12	1	\N	\N	\N
58	Tadó	12	1	\N	\N	\N
59	Condoto	12	1	\N	\N	\N
60	Bahía Solano	12	1	\N	\N	\N
61	Montería	13	1	\N	\N	\N
62	Cereté	13	1	\N	\N	\N
63	Sahagún	13	1	\N	\N	\N
64	Lorica	13	1	\N	\N	\N
65	Planeta Rica	13	1	\N	\N	\N
66	Bogotá D.C.	14	1	\N	\N	\N
67	Soacha	14	1	\N	\N	\N
68	Facatativá	14	1	\N	\N	\N
69	Zipaquirá	14	1	\N	\N	\N
70	Girardot	14	1	\N	\N	\N
71	Inírida	15	1	\N	\N	\N
72	Barranco Minas	15	1	\N	\N	\N
73	San Felipe	15	1	\N	\N	\N
74	Puerto Colombia	15	1	\N	\N	\N
75	La Guadalupe	15	1	\N	\N	\N
76	San José del Guaviare	16	1	\N	\N	\N
77	Calamar	16	1	\N	\N	\N
78	Miraflores	16	1	\N	\N	\N
79	El Retorno	16	1	\N	\N	\N
80	La Libertad	16	1	\N	\N	\N
81	Riohacha	18	1	\N	\N	\N
82	Maicao	18	1	\N	\N	\N
83	Uribia	18	1	\N	\N	\N
84	Fonseca	18	1	\N	\N	\N
85	Manaure	18	1	\N	\N	\N
86	Santa Marta	19	1	\N	\N	\N
87	Ciénaga	19	1	\N	\N	\N
88	Fundación	19	1	\N	\N	\N
89	Plato	19	1	\N	\N	\N
90	Pivijay	19	1	\N	\N	\N
91	Villavicencio	20	1	\N	\N	\N
92	Acacías	20	1	\N	\N	\N
93	Granada	20	1	\N	\N	\N
94	Puerto López	20	1	\N	\N	\N
95	Cumaral	20	1	\N	\N	\N
96	Pasto	21	1	\N	\N	\N
97	Ipiales	21	1	\N	\N	\N
98	Tumaco	21	1	\N	\N	\N
99	Túquerres	21	1	\N	\N	\N
100	La Unión	21	1	\N	\N	\N
101	Cúcuta	22	1	\N	\N	\N
102	Ocaña	22	1	\N	\N	\N
103	Pamplona	22	1	\N	\N	\N
104	Villa del Rosario	22	1	\N	\N	\N
105	Los Patios	22	1	\N	\N	\N
106	Mocoa	23	1	\N	\N	\N
107	Puerto Asís	23	1	\N	\N	\N
108	Orito	23	1	\N	\N	\N
109	Villagarzón	23	1	\N	\N	\N
110	Sibundoy	23	1	\N	\N	\N
111	Armenia	24	1	\N	\N	\N
112	Calarcá	24	1	\N	\N	\N
113	La Tebaida	24	1	\N	\N	\N
114	Montenegro	24	1	\N	\N	\N
115	Quimbaya	24	1	\N	\N	\N
116	Pereira	25	1	\N	\N	\N
117	Dosquebradas	25	1	\N	\N	\N
118	Santa Rosa de Cabal	25	1	\N	\N	\N
119	La Virginia	25	1	\N	\N	\N
120	Marsella	25	1	\N	\N	\N
121	San Andrés	26	1	\N	\N	\N
122	Providencia	26	1	\N	\N	\N
123	Santa Catalina	26	1	\N	\N	\N
124	Cove Sea Side	26	1	\N	\N	\N
125	La Loma	26	1	\N	\N	\N
126	Bucaramanga	27	1	\N	\N	\N
127	Floridablanca	27	1	\N	\N	\N
128	Girón	27	1	\N	\N	\N
129	Piedecuesta	27	1	\N	\N	\N
130	Barrancabermeja	27	1	\N	\N	\N
131	Sincelejo	28	1	\N	\N	\N
132	Corozal	28	1	\N	\N	\N
133	Sampués	28	1	\N	\N	\N
134	San Marcos	28	1	\N	\N	\N
135	Tolú	28	1	\N	\N	\N
136	Ibagué	29	1	\N	\N	\N
137	Espinal	29	1	\N	\N	\N
138	Melgar	29	1	\N	\N	\N
139	Honda	29	1	\N	\N	\N
140	Líbano	29	1	\N	\N	\N
141	Cali	30	1	\N	\N	\N
142	Palmira	30	1	\N	\N	\N
143	Buenaventura	30	1	\N	\N	\N
144	Tuluá	30	1	\N	\N	\N
145	Buga	30	1	\N	\N	\N
146	Mitú	31	1	\N	\N	\N
147	Carurú	31	1	\N	\N	\N
148	Pacoa	31	1	\N	\N	\N
149	Taraira	31	1	\N	\N	\N
150	Yavaraté	31	1	\N	\N	\N
151	Puerto Carreño	32	1	\N	\N	\N
152	La Primavera	32	1	\N	\N	\N
153	Santa Rosalía	32	1	\N	\N	\N
154	Cumaribo	32	1	\N	\N	\N
155	Guarrojo	32	1	\N	\N	\N
200	Neiva	17	1	\N	\N	\N
201	Acevedo	17	1	\N	\N	\N
202	Agrado	17	1	\N	\N	\N
203	Aipe	17	1	\N	\N	\N
204	Algeciras	17	1	\N	\N	\N
205	Altamira	17	1	\N	\N	\N
206	Baraya	17	1	\N	\N	\N
207	Campoalegre	17	1	\N	\N	\N
208	Colombia	17	1	\N	\N	\N
209	Elías	17	1	\N	\N	\N
210	Garzón	17	1	\N	\N	\N
211	Gigante	17	1	\N	\N	\N
212	Guadalupe	17	1	\N	\N	\N
213	Hobo	17	1	\N	\N	\N
214	Íquira	17	1	\N	\N	\N
215	Isnos	17	1	\N	\N	\N
216	La Argentina	17	1	\N	\N	\N
217	La Plata	17	1	\N	\N	\N
218	Nátaga	17	1	\N	\N	\N
219	Oporapa	17	1	\N	\N	\N
220	Paicol	17	1	\N	\N	\N
221	Palermo	17	1	\N	\N	\N
222	Palestina	17	1	\N	\N	\N
223	Pital	17	1	\N	\N	\N
224	Pitalito	17	1	\N	\N	\N
225	Rivera	17	1	\N	\N	\N
226	Saladoblanco	17	1	\N	\N	\N
227	San Agustín	17	1	\N	\N	\N
228	Santa María	17	1	\N	\N	\N
229	Suaza	17	1	\N	\N	\N
230	Tarqui	17	1	\N	\N	\N
231	Tello	17	1	\N	\N	\N
232	Teruel	17	1	\N	\N	\N
233	Tesalia	17	1	\N	\N	\N
234	Timaná	17	1	\N	\N	\N
235	Villavieja	17	1	\N	\N	\N
236	Yaguará	17	1	\N	\N	\N
\.


--
-- TOC entry 5235 (class 0 OID 40415)
-- Dependencies: 240
-- Data for Name: rh; Type: TABLE DATA; Schema: parameters; Owner: postgres
--

COPY parameters.rh (id, name, status, created_at, updated_at, deleted_at) FROM stdin;
1	O+	1	\N	\N	\N
2	O-	1	\N	\N	\N
3	A+	1	\N	\N	\N
\.


--
-- TOC entry 5239 (class 0 OID 40429)
-- Dependencies: 244
-- Data for Name: subject; Type: TABLE DATA; Schema: parameters; Owner: postgres
--

COPY parameters.subject (id, name, status, created_at, updated_at, deleted_at) FROM stdin;
1	Lengua Castellana	1	\N	\N	\N
2	Matemáticas	1	\N	\N	\N
3	Ciencias Naturales	1	\N	\N	\N
4	Ciencias Sociales	1	\N	\N	\N
5	Inglés	1	\N	\N	\N
6	Educación Artística	1	\N	\N	\N
7	Educación Física	1	\N	\N	\N
8	Tecnología e Informática	1	\N	\N	\N
9	Ética y Valores	1	\N	\N	\N
10	Religión	1	\N	\N	\N
\.


--
-- TOC entry 5241 (class 0 OID 40435)
-- Dependencies: 246
-- Data for Name: type_answare; Type: TABLE DATA; Schema: parameters; Owner: postgres
--

COPY parameters.type_answare (id, name, description, status, created_at, updated_at, deleted_at) FROM stdin;
1	Text	Respuesta de texto libre	1	\N	\N	\N
2	Bool	Sí / No	1	\N	\N	\N
3	Number	Numérica	1	\N	\N	\N
4	Date	Fecha	1	\N	\N	\N
5	OptionSingle	Selección de opción única	1	\N	\N	\N
6	OptionMulti	Selección múltiple	1	\N	\N	\N
\.


--
-- TOC entry 5225 (class 0 OID 40379)
-- Dependencies: 230
-- Data for Name: form; Type: TABLE DATA; Schema: security; Owner: postgres
--

COPY security.form (id, name, description, path, "order", status, created_at, updated_at, deleted_at) FROM stdin;
1	Todos	Vista de todos los registros administrativos	todos	1	1	\N	\N	\N
2	Administrativos	Gestión de personal administrativo	administrativos	2	1	\N	\N	\N
3	Docentes	Gestión de docentes	docentes	3	1	\N	\N	\N
4	Niños	Gestión de estudiantes	ninos	4	1	\N	\N	\N
5	Acudientes	Gestión de acudientes	acudientes	5	1	\N	\N	\N
6	Aulas	Gestión de aulas	aulas	1	1	\N	\N	\N
7	Agrupación	Gestión de agrupaciones	agrupación	2	1	\N	\N	\N
8	Director de Grupo	Asignación de directores de grupo	directorGrupo	3	1	\N	\N	\N
9	Carga Académica	Gestión de carga académica	cargaAcademica	4	1	\N	\N	\N
10	Composición	Gestión de composiciones	composicion	1	1	\N	\N	\N
11	Agendas	Gestión de agendas	agendas	2	1	\N	\N	\N
12	Asignación	Asignación de agendas	asignacion	3	1	\N	\N	\N
13	Grados	Gestión de grados	grados	1	1	\N	\N	\N
14	Grupos	Gestión de grupos	grupos	2	1	\N	\N	\N
15	Tipo Identificación	Gestión de tipos de identificación	tipoIdentificacion	3	1	\N	\N	\N
16	EPS	Gestión de EPS	eps	4	1	\N	\N	\N
17	Municipios	Gestión de municipios	municipio	5	1	\N	\N	\N
18	RH	Gestión de tipos de sangre	rh	6	1	\N	\N	\N
19	Roles	Gestión de roles de usuario	roles	1	1	\N	\N	\N
20	Permisos	Gestión de permisos	permisos	2	1	\N	\N	\N
21	Módulos	Gestión de módulos	modulos	3	1	\N	\N	\N
22	Formularios	Gestión de formularios	formularios	4	1	\N	\N	\N
23	Asignación Roles	Asignación de roles a usuarios	asignacionRoles	5	1	\N	\N	\N
24	Asignación Módulos	Asignación de módulos a roles	asiganacionModulos	6	1	\N	\N	\N
25	Asignación de Permisos	Asignación de permisos a roles	asignacionPermisos	7	1	\N	\N	\N
26	Usuarios	Gestión de usuarios	usuarios	8	1	\N	\N	\N
\.


--
-- TOC entry 5231 (class 0 OID 40399)
-- Dependencies: 236
-- Data for Name: module; Type: TABLE DATA; Schema: security; Owner: postgres
--

COPY security.module (id, name, icon, path, "order", description, status, created_at, updated_at, deleted_at) FROM stdin;
1	Inicio	home	/dashboard	1	Pantalla principal del sistema	1	\N	\N	\N
2	Administración	person		2	Opciones administrativas del sistema	1	\N	\N	\N
3	Académico	school		3	Módulo para gestión académica	1	\N	\N	\N
4	Agenda	book		4	Gestión de eventos y agendas	1	\N	\N	\N
5	Configuración	settings		5	Parámetros y ajustes del sistema	1	\N	\N	\N
6	Seguridad	calendar		6	Todo el tema de permisos del sistema	1	\N	\N	\N
\.


--
-- TOC entry 5247 (class 0 OID 40463)
-- Dependencies: 252
-- Data for Name: moduleForm; Type: TABLE DATA; Schema: security; Owner: postgres
--

COPY security."moduleForm" (id, module_id, form_id, status, created_at, updated_at, deleted_at) FROM stdin;
1	2	1	1	\N	\N	\N
2	2	2	1	\N	\N	\N
3	2	3	1	\N	\N	\N
4	2	4	1	\N	\N	\N
5	2	5	1	\N	\N	\N
6	3	6	1	\N	\N	\N
7	3	7	1	\N	\N	\N
8	3	8	1	\N	\N	\N
9	3	9	1	\N	\N	\N
10	4	10	1	\N	\N	\N
11	4	11	1	\N	\N	\N
12	4	12	1	\N	\N	\N
13	5	13	1	\N	\N	\N
14	5	14	1	\N	\N	\N
15	5	15	1	\N	\N	\N
16	5	16	1	\N	\N	\N
17	5	17	1	\N	\N	\N
18	5	18	1	\N	\N	\N
19	6	19	1	\N	\N	\N
20	6	20	1	\N	\N	\N
21	6	21	1	\N	\N	\N
22	6	22	1	\N	\N	\N
23	6	23	1	\N	\N	\N
24	6	24	1	\N	\N	\N
25	6	25	1	\N	\N	\N
26	6	26	1	\N	\N	\N
\.


--
-- TOC entry 5233 (class 0 OID 40407)
-- Dependencies: 238
-- Data for Name: permission; Type: TABLE DATA; Schema: security; Owner: postgres
--

COPY security.permission (id, name, description, status, created_at, updated_at, deleted_at) FROM stdin;
1	Todo	Formulario de inicio	1	\N	\N	\N
2	Editor	Todos los permisos excepto eliminar persistentemente	1	\N	\N	\N
3	Lectura	Solo puede ver	1	\N	\N	\N
\.


--
-- TOC entry 5245 (class 0 OID 40452)
-- Dependencies: 250
-- Data for Name: person; Type: TABLE DATA; Schema: security; Owner: postgres
--

COPY security.person (id, "DocumentTypeId", identification, "fisrtName", "secondName", "lastName", "secondLastName", phone, gender, age, status, created_at, updated_at, deleted_at) FROM stdin;
4	1	111222333	Laura	Isabel	Moreno	Castro	301654987	1	29	1	\N	\N	\N
8	1	10847343	Preuba	COnsulta	Perez	Hernandez	10823423	1	0	1	2025-09-22 01:33:46.877579-05	\N	\N
5	2	444555666	Santiago	Esteban	Ramírezzzzz	Torres	312789654	2	21	1	\N	2025-09-22 10:16:28.27518-05	\N
1	1	100200300	Carlos	Andrés	Pérez	García	300123456	0	32	1	\N	\N	2025-09-22 14:40:49.348634-05
2	2	500600700	María	Fernanda	López	Martínez	310987654	1	25	1	\N	\N	2025-09-22 14:40:50.076954-05
3	3	800900100	Juan	Camilo	Rodríguez	Hernández	320456789	0	18	1	\N	\N	2025-09-22 14:40:50.603027-05
\.


--
-- TOC entry 5237 (class 0 OID 40421)
-- Dependencies: 242
-- Data for Name: rol; Type: TABLE DATA; Schema: security; Owner: postgres
--

COPY security.rol (id, name, description, status, created_at, updated_at, deleted_at) FROM stdin;
1	Administrador	Control sobre todo	1	\N	\N	\N
2	Administrativo	Permisos al 90%	1	\N	\N	\N
3	Docente	Permisos al 30%	1	\N	\N	\N
4	Acudiente	Solo interactura de forma base	1	\N	\N	\N
\.


--
-- TOC entry 5249 (class 0 OID 40479)
-- Dependencies: 254
-- Data for Name: rolFormPermission; Type: TABLE DATA; Schema: security; Owner: postgres
--

COPY security."rolFormPermission" (id, rol_id, form_id, permission_id, status, created_at, updated_at, deleted_at) FROM stdin;
1	1	1	1	1	\N	\N	\N
2	1	2	1	1	\N	\N	\N
3	1	3	1	1	\N	\N	\N
4	1	4	1	1	\N	\N	\N
5	1	5	1	1	\N	\N	\N
6	1	6	1	1	\N	\N	\N
7	1	7	1	1	\N	\N	\N
8	1	8	1	1	\N	\N	\N
9	1	9	1	1	\N	\N	\N
10	1	10	1	1	\N	\N	\N
11	1	11	1	1	\N	\N	\N
12	1	12	1	1	\N	\N	\N
13	1	13	1	1	\N	\N	\N
14	1	14	1	1	\N	\N	\N
15	1	15	1	1	\N	\N	\N
16	1	16	1	1	\N	\N	\N
17	1	17	1	1	\N	\N	\N
18	1	18	1	1	\N	\N	\N
19	1	19	1	1	\N	\N	\N
20	1	20	1	1	\N	\N	\N
21	1	21	1	1	\N	\N	\N
22	1	22	1	1	\N	\N	\N
23	1	23	1	1	\N	\N	\N
24	1	24	1	1	\N	\N	\N
25	1	25	1	1	\N	\N	\N
26	1	26	1	1	\N	\N	\N
\.


--
-- TOC entry 5257 (class 0 OID 40555)
-- Dependencies: 262
-- Data for Name: user; Type: TABLE DATA; Schema: security; Owner: postgres
--

COPY security."user" (id, photo, email, password, person_id, status, created_at, updated_at, deleted_at) FROM stdin;
1	defaul.jpg	ejemplo1@gmail.com	$2a$11$6LpgqG3XuJ3xbpRp4gcJXeL/pQT79cDv6Vt063Tk5c2klWRpNgR0.	1	1	\N	\N	\N
2	defaul.jpg	ejemplo2@gmail.com	$2a$11$6LpgqG3XuJ3xbpRp4gcJXeL/pQT79cDv6Vt063Tk5c2klWRpNgR0.	2	1	\N	\N	\N
3	defaul.jpg	ejemplo3@gmail.com	$2a$11$6LpgqG3XuJ3xbpRp4gcJXeL/pQT79cDv6Vt063Tk5c2klWRpNgR0.	3	1	\N	\N	\N
4	defaul.jpg	ejemplo4@gmail.com	$2a$11$6LpgqG3XuJ3xbpRp4gcJXeL/pQT79cDv6Vt063Tk5c2klWRpNgR0.	4	1	\N	\N	\N
5	defaul.jpg	ejemplo5@gmail.com	$2a$11$6LpgqG3XuJ3xbpRp4gcJXeL/pQT79cDv6Vt063Tk5c2klWRpNgR0.	5	1	\N	\N	\N
\.


--
-- TOC entry 5263 (class 0 OID 40596)
-- Dependencies: 268
-- Data for Name: userRol; Type: TABLE DATA; Schema: security; Owner: postgres
--

COPY security."userRol" (id, user_id, rol_id, status, created_at, updated_at, deleted_at) FROM stdin;
1	1	1	1	\N	\N	\N
2	2	2	1	\N	\N	\N
3	3	3	1	\N	\N	\N
4	4	2	1	\N	\N	\N
5	5	4	1	\N	\N	\N
\.


--
-- TOC entry 5289 (class 0 OID 0)
-- Dependencies: 269
-- Name: academic_load_id_seq; Type: SEQUENCE SET; Schema: business; Owner: postgres
--

SELECT pg_catalog.setval('business.academic_load_id_seq', 1, false);


--
-- TOC entry 5290 (class 0 OID 0)
-- Dependencies: 271
-- Name: agenda_day_id_seq; Type: SEQUENCE SET; Schema: business; Owner: postgres
--

SELECT pg_catalog.setval('business.agenda_day_id_seq', 1, false);


--
-- TOC entry 5291 (class 0 OID 0)
-- Dependencies: 273
-- Name: agenda_day_student_id_seq; Type: SEQUENCE SET; Schema: business; Owner: postgres
--

SELECT pg_catalog.setval('business.agenda_day_student_id_seq', 1, false);


--
-- TOC entry 5292 (class 0 OID 0)
-- Dependencies: 221
-- Name: agenda_id_seq; Type: SEQUENCE SET; Schema: business; Owner: postgres
--

SELECT pg_catalog.setval('business.agenda_id_seq', 1, true);


--
-- TOC entry 5293 (class 0 OID 0)
-- Dependencies: 281
-- Name: attendants_id_seq; Type: SEQUENCE SET; Schema: business; Owner: postgres
--

SELECT pg_catalog.setval('business.attendants_id_seq', 1, false);


--
-- TOC entry 5294 (class 0 OID 0)
-- Dependencies: 263
-- Name: composition_agenda_question_id_seq; Type: SEQUENCE SET; Schema: business; Owner: postgres
--

SELECT pg_catalog.setval('business.composition_agenda_question_id_seq', 1, false);


--
-- TOC entry 5295 (class 0 OID 0)
-- Dependencies: 257
-- Name: dataBasic_id_seq; Type: SEQUENCE SET; Schema: business; Owner: postgres
--

SELECT pg_catalog.setval('business."dataBasic_id_seq"', 7, true);


--
-- TOC entry 5296 (class 0 OID 0)
-- Dependencies: 285
-- Name: group_director_id_seq; Type: SEQUENCE SET; Schema: business; Owner: postgres
--

SELECT pg_catalog.setval('business.group_director_id_seq', 6, true);


--
-- TOC entry 5297 (class 0 OID 0)
-- Dependencies: 283
-- Name: group_id_seq; Type: SEQUENCE SET; Schema: business; Owner: postgres
--

SELECT pg_catalog.setval('business.group_id_seq', 1, true);


--
-- TOC entry 5298 (class 0 OID 0)
-- Dependencies: 255
-- Name: question_id_seq; Type: SEQUENCE SET; Schema: business; Owner: postgres
--

SELECT pg_catalog.setval('business.question_id_seq', 1, false);


--
-- TOC entry 5299 (class 0 OID 0)
-- Dependencies: 265
-- Name: question_option_id_seq; Type: SEQUENCE SET; Schema: business; Owner: postgres
--

SELECT pg_catalog.setval('business.question_option_id_seq', 1, false);


--
-- TOC entry 5300 (class 0 OID 0)
-- Dependencies: 275
-- Name: student_answer_id_seq; Type: SEQUENCE SET; Schema: business; Owner: postgres
--

SELECT pg_catalog.setval('business.student_answer_id_seq', 1, false);


--
-- TOC entry 5301 (class 0 OID 0)
-- Dependencies: 279
-- Name: student_answer_option_id_seq; Type: SEQUENCE SET; Schema: business; Owner: postgres
--

SELECT pg_catalog.setval('business.student_answer_option_id_seq', 1, false);


--
-- TOC entry 5302 (class 0 OID 0)
-- Dependencies: 287
-- Name: student_id_seq; Type: SEQUENCE SET; Schema: business; Owner: postgres
--

SELECT pg_catalog.setval('business.student_id_seq', 1, false);


--
-- TOC entry 5303 (class 0 OID 0)
-- Dependencies: 259
-- Name: teacher_id_seq; Type: SEQUENCE SET; Schema: business; Owner: postgres
--

SELECT pg_catalog.setval('business.teacher_id_seq', 2, true);


--
-- TOC entry 5304 (class 0 OID 0)
-- Dependencies: 277
-- Name: teacher_observation_id_seq; Type: SEQUENCE SET; Schema: business; Owner: postgres
--

SELECT pg_catalog.setval('business.teacher_observation_id_seq', 1, false);


--
-- TOC entry 5305 (class 0 OID 0)
-- Dependencies: 223
-- Name: departamet_id_seq; Type: SEQUENCE SET; Schema: parameters; Owner: postgres
--

SELECT pg_catalog.setval('parameters.departamet_id_seq', 33, false);


--
-- TOC entry 5306 (class 0 OID 0)
-- Dependencies: 225
-- Name: documentType_id_seq; Type: SEQUENCE SET; Schema: parameters; Owner: postgres
--

SELECT pg_catalog.setval('parameters."documentType_id_seq"', 4, false);


--
-- TOC entry 5307 (class 0 OID 0)
-- Dependencies: 227
-- Name: eps_id_seq; Type: SEQUENCE SET; Schema: parameters; Owner: postgres
--

SELECT pg_catalog.setval('parameters.eps_id_seq', 5, false);


--
-- TOC entry 5308 (class 0 OID 0)
-- Dependencies: 231
-- Name: grade_id_seq; Type: SEQUENCE SET; Schema: parameters; Owner: postgres
--

SELECT pg_catalog.setval('parameters.grade_id_seq', 7, false);


--
-- TOC entry 5309 (class 0 OID 0)
-- Dependencies: 233
-- Name: materialStatus_id_seq; Type: SEQUENCE SET; Schema: parameters; Owner: postgres
--

SELECT pg_catalog.setval('parameters."materialStatus_id_seq"', 3, false);


--
-- TOC entry 5310 (class 0 OID 0)
-- Dependencies: 247
-- Name: munisipality_id_seq; Type: SEQUENCE SET; Schema: parameters; Owner: postgres
--

SELECT pg_catalog.setval('parameters.munisipality_id_seq', 237, false);


--
-- TOC entry 5311 (class 0 OID 0)
-- Dependencies: 239
-- Name: rh_id_seq; Type: SEQUENCE SET; Schema: parameters; Owner: postgres
--

SELECT pg_catalog.setval('parameters.rh_id_seq', 4, false);


--
-- TOC entry 5312 (class 0 OID 0)
-- Dependencies: 243
-- Name: subject_id_seq; Type: SEQUENCE SET; Schema: parameters; Owner: postgres
--

SELECT pg_catalog.setval('parameters.subject_id_seq', 11, false);


--
-- TOC entry 5313 (class 0 OID 0)
-- Dependencies: 245
-- Name: type_answare_id_seq; Type: SEQUENCE SET; Schema: parameters; Owner: postgres
--

SELECT pg_catalog.setval('parameters.type_answare_id_seq', 7, false);


--
-- TOC entry 5314 (class 0 OID 0)
-- Dependencies: 229
-- Name: form_id_seq; Type: SEQUENCE SET; Schema: security; Owner: postgres
--

SELECT pg_catalog.setval('security.form_id_seq', 27, false);


--
-- TOC entry 5315 (class 0 OID 0)
-- Dependencies: 251
-- Name: moduleForm_id_seq; Type: SEQUENCE SET; Schema: security; Owner: postgres
--

SELECT pg_catalog.setval('security."moduleForm_id_seq"', 27, false);


--
-- TOC entry 5316 (class 0 OID 0)
-- Dependencies: 235
-- Name: module_id_seq; Type: SEQUENCE SET; Schema: security; Owner: postgres
--

SELECT pg_catalog.setval('security.module_id_seq', 7, false);


--
-- TOC entry 5317 (class 0 OID 0)
-- Dependencies: 237
-- Name: permission_id_seq; Type: SEQUENCE SET; Schema: security; Owner: postgres
--

SELECT pg_catalog.setval('security.permission_id_seq', 4, false);


--
-- TOC entry 5318 (class 0 OID 0)
-- Dependencies: 249
-- Name: person_id_seq; Type: SEQUENCE SET; Schema: security; Owner: postgres
--

SELECT pg_catalog.setval('security.person_id_seq', 9, true);


--
-- TOC entry 5319 (class 0 OID 0)
-- Dependencies: 253
-- Name: rolFormPermission_id_seq; Type: SEQUENCE SET; Schema: security; Owner: postgres
--

SELECT pg_catalog.setval('security."rolFormPermission_id_seq"', 27, false);


--
-- TOC entry 5320 (class 0 OID 0)
-- Dependencies: 241
-- Name: rol_id_seq; Type: SEQUENCE SET; Schema: security; Owner: postgres
--

SELECT pg_catalog.setval('security.rol_id_seq', 5, false);


--
-- TOC entry 5321 (class 0 OID 0)
-- Dependencies: 267
-- Name: userRol_id_seq; Type: SEQUENCE SET; Schema: security; Owner: postgres
--

SELECT pg_catalog.setval('security."userRol_id_seq"', 6, false);


--
-- TOC entry 5322 (class 0 OID 0)
-- Dependencies: 261
-- Name: user_id_seq; Type: SEQUENCE SET; Schema: security; Owner: postgres
--

SELECT pg_catalog.setval('security.user_id_seq', 6, false);


--
-- TOC entry 4986 (class 2606 OID 40616)
-- Name: academic_load PK_academic_load; Type: CONSTRAINT; Schema: business; Owner: postgres
--

ALTER TABLE ONLY business.academic_load
    ADD CONSTRAINT "PK_academic_load" PRIMARY KEY (id);


--
-- TOC entry 4915 (class 2606 OID 40359)
-- Name: agenda PK_agenda; Type: CONSTRAINT; Schema: business; Owner: postgres
--

ALTER TABLE ONLY business.agenda
    ADD CONSTRAINT "PK_agenda" PRIMARY KEY (id);


--
-- TOC entry 4990 (class 2606 OID 40632)
-- Name: agenda_day PK_agenda_day; Type: CONSTRAINT; Schema: business; Owner: postgres
--

ALTER TABLE ONLY business.agenda_day
    ADD CONSTRAINT "PK_agenda_day" PRIMARY KEY (id);


--
-- TOC entry 4996 (class 2606 OID 40643)
-- Name: agenda_day_student PK_agenda_day_student; Type: CONSTRAINT; Schema: business; Owner: postgres
--

ALTER TABLE ONLY business.agenda_day_student
    ADD CONSTRAINT "PK_agenda_day_student" PRIMARY KEY (id);


--
-- TOC entry 5012 (class 2606 OID 40706)
-- Name: attendants PK_attendants; Type: CONSTRAINT; Schema: business; Owner: postgres
--

ALTER TABLE ONLY business.attendants
    ADD CONSTRAINT "PK_attendants" PRIMARY KEY (id);


--
-- TOC entry 4974 (class 2606 OID 40572)
-- Name: composition_agenda_question PK_composition_agenda_question; Type: CONSTRAINT; Schema: business; Owner: postgres
--

ALTER TABLE ONLY business.composition_agenda_question
    ADD CONSTRAINT "PK_composition_agenda_question" PRIMARY KEY (id);


--
-- TOC entry 4965 (class 2606 OID 40517)
-- Name: dataBasic PK_dataBasic; Type: CONSTRAINT; Schema: business; Owner: postgres
--

ALTER TABLE ONLY business."dataBasic"
    ADD CONSTRAINT "PK_dataBasic" PRIMARY KEY (id);


--
-- TOC entry 5018 (class 2606 OID 40717)
-- Name: group PK_group; Type: CONSTRAINT; Schema: business; Owner: postgres
--

ALTER TABLE ONLY business."group"
    ADD CONSTRAINT "PK_group" PRIMARY KEY (id);


--
-- TOC entry 5022 (class 2606 OID 40733)
-- Name: group_director PK_group_director; Type: CONSTRAINT; Schema: business; Owner: postgres
--

ALTER TABLE ONLY business.group_director
    ADD CONSTRAINT "PK_group_director" PRIMARY KEY (id);


--
-- TOC entry 4958 (class 2606 OID 40504)
-- Name: question PK_question; Type: CONSTRAINT; Schema: business; Owner: postgres
--

ALTER TABLE ONLY business.question
    ADD CONSTRAINT "PK_question" PRIMARY KEY (id);


--
-- TOC entry 4978 (class 2606 OID 40589)
-- Name: question_option PK_question_option; Type: CONSTRAINT; Schema: business; Owner: postgres
--

ALTER TABLE ONLY business.question_option
    ADD CONSTRAINT "PK_question_option" PRIMARY KEY (id);


--
-- TOC entry 5027 (class 2606 OID 40749)
-- Name: student PK_student; Type: CONSTRAINT; Schema: business; Owner: postgres
--

ALTER TABLE ONLY business.student
    ADD CONSTRAINT "PK_student" PRIMARY KEY (id);


--
-- TOC entry 5000 (class 2606 OID 40656)
-- Name: student_answer PK_student_answer; Type: CONSTRAINT; Schema: business; Owner: postgres
--

ALTER TABLE ONLY business.student_answer
    ADD CONSTRAINT "PK_student_answer" PRIMARY KEY (id);


--
-- TOC entry 5008 (class 2606 OID 40690)
-- Name: student_answer_option PK_student_answer_option; Type: CONSTRAINT; Schema: business; Owner: postgres
--

ALTER TABLE ONLY business.student_answer_option
    ADD CONSTRAINT "PK_student_answer_option" PRIMARY KEY (id);


--
-- TOC entry 4967 (class 2606 OID 40548)
-- Name: teacher PK_teacher; Type: CONSTRAINT; Schema: business; Owner: postgres
--

ALTER TABLE ONLY business.teacher
    ADD CONSTRAINT "PK_teacher" PRIMARY KEY (id);


--
-- TOC entry 5005 (class 2606 OID 40674)
-- Name: teacher_observation PK_teacher_observation; Type: CONSTRAINT; Schema: business; Owner: postgres
--

ALTER TABLE ONLY business.teacher_observation
    ADD CONSTRAINT "PK_teacher_observation" PRIMARY KEY (id);


--
-- TOC entry 4918 (class 2606 OID 40365)
-- Name: departamet PK_departamet; Type: CONSTRAINT; Schema: parameters; Owner: postgres
--

ALTER TABLE ONLY parameters.departamet
    ADD CONSTRAINT "PK_departamet" PRIMARY KEY (id);


--
-- TOC entry 4920 (class 2606 OID 40371)
-- Name: documentType PK_documentType; Type: CONSTRAINT; Schema: parameters; Owner: postgres
--

ALTER TABLE ONLY parameters."documentType"
    ADD CONSTRAINT "PK_documentType" PRIMARY KEY (id);


--
-- TOC entry 4922 (class 2606 OID 40377)
-- Name: eps PK_eps; Type: CONSTRAINT; Schema: parameters; Owner: postgres
--

ALTER TABLE ONLY parameters.eps
    ADD CONSTRAINT "PK_eps" PRIMARY KEY (id);


--
-- TOC entry 4926 (class 2606 OID 40391)
-- Name: grade PK_grade; Type: CONSTRAINT; Schema: parameters; Owner: postgres
--

ALTER TABLE ONLY parameters.grade
    ADD CONSTRAINT "PK_grade" PRIMARY KEY (id);


--
-- TOC entry 4928 (class 2606 OID 40397)
-- Name: materialStatus PK_materialStatus; Type: CONSTRAINT; Schema: parameters; Owner: postgres
--

ALTER TABLE ONLY parameters."materialStatus"
    ADD CONSTRAINT "PK_materialStatus" PRIMARY KEY (id);


--
-- TOC entry 4943 (class 2606 OID 40445)
-- Name: munisipality PK_munisipality; Type: CONSTRAINT; Schema: parameters; Owner: postgres
--

ALTER TABLE ONLY parameters.munisipality
    ADD CONSTRAINT "PK_munisipality" PRIMARY KEY (id);


--
-- TOC entry 4934 (class 2606 OID 40419)
-- Name: rh PK_rh; Type: CONSTRAINT; Schema: parameters; Owner: postgres
--

ALTER TABLE ONLY parameters.rh
    ADD CONSTRAINT "PK_rh" PRIMARY KEY (id);


--
-- TOC entry 4938 (class 2606 OID 40433)
-- Name: subject PK_subject; Type: CONSTRAINT; Schema: parameters; Owner: postgres
--

ALTER TABLE ONLY parameters.subject
    ADD CONSTRAINT "PK_subject" PRIMARY KEY (id);


--
-- TOC entry 4940 (class 2606 OID 40439)
-- Name: type_answare PK_type_answare; Type: CONSTRAINT; Schema: parameters; Owner: postgres
--

ALTER TABLE ONLY parameters.type_answare
    ADD CONSTRAINT "PK_type_answare" PRIMARY KEY (id);


--
-- TOC entry 4924 (class 2606 OID 40385)
-- Name: form PK_form; Type: CONSTRAINT; Schema: security; Owner: postgres
--

ALTER TABLE ONLY security.form
    ADD CONSTRAINT "PK_form" PRIMARY KEY (id);


--
-- TOC entry 4930 (class 2606 OID 40405)
-- Name: module PK_module; Type: CONSTRAINT; Schema: security; Owner: postgres
--

ALTER TABLE ONLY security.module
    ADD CONSTRAINT "PK_module" PRIMARY KEY (id);


--
-- TOC entry 4950 (class 2606 OID 40467)
-- Name: moduleForm PK_moduleForm; Type: CONSTRAINT; Schema: security; Owner: postgres
--

ALTER TABLE ONLY security."moduleForm"
    ADD CONSTRAINT "PK_moduleForm" PRIMARY KEY (id);


--
-- TOC entry 4932 (class 2606 OID 40413)
-- Name: permission PK_permission; Type: CONSTRAINT; Schema: security; Owner: postgres
--

ALTER TABLE ONLY security.permission
    ADD CONSTRAINT "PK_permission" PRIMARY KEY (id);


--
-- TOC entry 4946 (class 2606 OID 40456)
-- Name: person PK_person; Type: CONSTRAINT; Schema: security; Owner: postgres
--

ALTER TABLE ONLY security.person
    ADD CONSTRAINT "PK_person" PRIMARY KEY (id);


--
-- TOC entry 4936 (class 2606 OID 40427)
-- Name: rol PK_rol; Type: CONSTRAINT; Schema: security; Owner: postgres
--

ALTER TABLE ONLY security.rol
    ADD CONSTRAINT "PK_rol" PRIMARY KEY (id);


--
-- TOC entry 4955 (class 2606 OID 40483)
-- Name: rolFormPermission PK_rolFormPermission; Type: CONSTRAINT; Schema: security; Owner: postgres
--

ALTER TABLE ONLY security."rolFormPermission"
    ADD CONSTRAINT "PK_rolFormPermission" PRIMARY KEY (id);


--
-- TOC entry 4971 (class 2606 OID 40561)
-- Name: user PK_user; Type: CONSTRAINT; Schema: security; Owner: postgres
--

ALTER TABLE ONLY security."user"
    ADD CONSTRAINT "PK_user" PRIMARY KEY (id);


--
-- TOC entry 4982 (class 2606 OID 40600)
-- Name: userRol PK_userRol; Type: CONSTRAINT; Schema: security; Owner: postgres
--

ALTER TABLE ONLY security."userRol"
    ADD CONSTRAINT "PK_userRol" PRIMARY KEY (id);


--
-- TOC entry 4983 (class 1259 OID 40760)
-- Name: IX_academic_load_group_id; Type: INDEX; Schema: business; Owner: postgres
--

CREATE INDEX "IX_academic_load_group_id" ON business.academic_load USING btree (group_id);


--
-- TOC entry 4984 (class 1259 OID 40761)
-- Name: IX_academic_load_subject_id; Type: INDEX; Schema: business; Owner: postgres
--

CREATE INDEX "IX_academic_load_subject_id" ON business.academic_load USING btree (subject_id);


--
-- TOC entry 4988 (class 1259 OID 40764)
-- Name: IX_agenda_day_agenda_id; Type: INDEX; Schema: business; Owner: postgres
--

CREATE INDEX "IX_agenda_day_agenda_id" ON business.agenda_day USING btree (agenda_id);


--
-- TOC entry 4993 (class 1259 OID 40768)
-- Name: IX_agenda_day_student_StudentId; Type: INDEX; Schema: business; Owner: postgres
--

CREATE INDEX "IX_agenda_day_student_StudentId" ON business.agenda_day_student USING btree ("StudentId");


--
-- TOC entry 4994 (class 1259 OID 40767)
-- Name: IX_agenda_day_student_student_id; Type: INDEX; Schema: business; Owner: postgres
--

CREATE INDEX "IX_agenda_day_student_student_id" ON business.agenda_day_student USING btree (student_id);


--
-- TOC entry 5010 (class 1259 OID 40770)
-- Name: IX_attendants_person_id; Type: INDEX; Schema: business; Owner: postgres
--

CREATE INDEX "IX_attendants_person_id" ON business.attendants USING btree (person_id);


--
-- TOC entry 4972 (class 1259 OID 40772)
-- Name: IX_composition_agenda_question_question_id; Type: INDEX; Schema: business; Owner: postgres
--

CREATE INDEX "IX_composition_agenda_question_question_id" ON business.composition_agenda_question USING btree (question_id);


--
-- TOC entry 4959 (class 1259 OID 40774)
-- Name: IX_dataBasic_epsId; Type: INDEX; Schema: business; Owner: postgres
--

CREATE INDEX "IX_dataBasic_epsId" ON business."dataBasic" USING btree ("epsId");


--
-- TOC entry 4960 (class 1259 OID 40775)
-- Name: IX_dataBasic_materialStatusId; Type: INDEX; Schema: business; Owner: postgres
--

CREATE INDEX "IX_dataBasic_materialStatusId" ON business."dataBasic" USING btree ("materialStatusId");


--
-- TOC entry 4961 (class 1259 OID 40776)
-- Name: IX_dataBasic_munisipalityId; Type: INDEX; Schema: business; Owner: postgres
--

CREATE INDEX "IX_dataBasic_munisipalityId" ON business."dataBasic" USING btree ("munisipalityId");


--
-- TOC entry 4962 (class 1259 OID 40777)
-- Name: IX_dataBasic_personaId; Type: INDEX; Schema: business; Owner: postgres
--

CREATE UNIQUE INDEX "IX_dataBasic_personaId" ON business."dataBasic" USING btree ("personaId");


--
-- TOC entry 4963 (class 1259 OID 40778)
-- Name: IX_dataBasic_rhId; Type: INDEX; Schema: business; Owner: postgres
--

CREATE INDEX "IX_dataBasic_rhId" ON business."dataBasic" USING btree ("rhId");


--
-- TOC entry 5014 (class 1259 OID 40781)
-- Name: IX_group_GroupDirectorId; Type: INDEX; Schema: business; Owner: postgres
--

CREATE INDEX "IX_group_GroupDirectorId" ON business."group" USING btree ("GroupDirectorId");


--
-- TOC entry 5015 (class 1259 OID 40779)
-- Name: IX_group_agenda_id; Type: INDEX; Schema: business; Owner: postgres
--

CREATE INDEX "IX_group_agenda_id" ON business."group" USING btree (agenda_id);


--
-- TOC entry 5020 (class 1259 OID 40783)
-- Name: IX_group_director_group_id; Type: INDEX; Schema: business; Owner: postgres
--

CREATE UNIQUE INDEX "IX_group_director_group_id" ON business.group_director USING btree (group_id);


--
-- TOC entry 5016 (class 1259 OID 40780)
-- Name: IX_group_grade_id; Type: INDEX; Schema: business; Owner: postgres
--

CREATE INDEX "IX_group_grade_id" ON business."group" USING btree (grade_id);


--
-- TOC entry 4976 (class 1259 OID 40790)
-- Name: IX_question_option_question_id_order; Type: INDEX; Schema: business; Owner: postgres
--

CREATE UNIQUE INDEX "IX_question_option_question_id_order" ON business.question_option USING btree (question_id, "order");


--
-- TOC entry 4956 (class 1259 OID 40789)
-- Name: IX_question_type_answer_id; Type: INDEX; Schema: business; Owner: postgres
--

CREATE INDEX "IX_question_type_answer_id" ON business.question USING btree (type_answer_id);


--
-- TOC entry 5006 (class 1259 OID 40798)
-- Name: IX_student_answer_option_question_option_id; Type: INDEX; Schema: business; Owner: postgres
--

CREATE INDEX "IX_student_answer_option_question_option_id" ON business.student_answer_option USING btree (question_option_id);


--
-- TOC entry 4998 (class 1259 OID 40796)
-- Name: IX_student_answer_question_id; Type: INDEX; Schema: business; Owner: postgres
--

CREATE INDEX "IX_student_answer_question_id" ON business.student_answer USING btree (question_id);


--
-- TOC entry 5024 (class 1259 OID 40794)
-- Name: IX_student_group_id; Type: INDEX; Schema: business; Owner: postgres
--

CREATE INDEX "IX_student_group_id" ON business.student USING btree (group_id);


--
-- TOC entry 5025 (class 1259 OID 40795)
-- Name: IX_student_person_id; Type: INDEX; Schema: business; Owner: postgres
--

CREATE INDEX "IX_student_person_id" ON business.student USING btree (person_id);


--
-- TOC entry 5002 (class 1259 OID 40801)
-- Name: IX_teacher_observation_agenda_day_student_id; Type: INDEX; Schema: business; Owner: postgres
--

CREATE INDEX "IX_teacher_observation_agenda_day_student_id" ON business.teacher_observation USING btree (agenda_day_student_id);


--
-- TOC entry 5003 (class 1259 OID 40802)
-- Name: IX_teacher_observation_teacher_id; Type: INDEX; Schema: business; Owner: postgres
--

CREATE INDEX "IX_teacher_observation_teacher_id" ON business.teacher_observation USING btree (teacher_id);


--
-- TOC entry 4991 (class 1259 OID 40765)
-- Name: ix_agenda_day_group_date; Type: INDEX; Schema: business; Owner: postgres
--

CREATE INDEX ix_agenda_day_group_date ON business.agenda_day USING btree (group_id, date);


--
-- TOC entry 4987 (class 1259 OID 40762)
-- Name: uq_academic_load_slot; Type: INDEX; Schema: business; Owner: postgres
--

CREATE UNIQUE INDEX uq_academic_load_slot ON business.academic_load USING btree (teacher_id, group_id, subject_id, day_of_week, "time");


--
-- TOC entry 4997 (class 1259 OID 40769)
-- Name: uq_ads_agenda_day_student; Type: INDEX; Schema: business; Owner: postgres
--

CREATE UNIQUE INDEX uq_ads_agenda_day_student ON business.agenda_day_student USING btree (agenda_day_id, student_id);


--
-- TOC entry 4992 (class 1259 OID 40766)
-- Name: uq_agenda_day_group_agenda_date; Type: INDEX; Schema: business; Owner: postgres
--

CREATE UNIQUE INDEX uq_agenda_day_group_agenda_date ON business.agenda_day USING btree (group_id, agenda_id, date);


--
-- TOC entry 4916 (class 1259 OID 40763)
-- Name: uq_agenda_name; Type: INDEX; Schema: business; Owner: postgres
--

CREATE UNIQUE INDEX uq_agenda_name ON business.agenda USING btree (name);


--
-- TOC entry 5013 (class 1259 OID 40771)
-- Name: uq_attendants_student_person; Type: INDEX; Schema: business; Owner: postgres
--

CREATE UNIQUE INDEX uq_attendants_student_person ON business.attendants USING btree (student_id, person_id);


--
-- TOC entry 4975 (class 1259 OID 40773)
-- Name: uq_comp_agenda_question; Type: INDEX; Schema: business; Owner: postgres
--

CREATE UNIQUE INDEX uq_comp_agenda_question ON business.composition_agenda_question USING btree (agenda_id, question_id);


--
-- TOC entry 5023 (class 1259 OID 40784)
-- Name: uq_group_director_teacher; Type: INDEX; Schema: business; Owner: postgres
--

CREATE UNIQUE INDEX uq_group_director_teacher ON business.group_director USING btree (teacher_id);


--
-- TOC entry 5019 (class 1259 OID 40782)
-- Name: uq_group_name_grade; Type: INDEX; Schema: business; Owner: postgres
--

CREATE UNIQUE INDEX uq_group_name_grade ON business."group" USING btree (name, grade_id);


--
-- TOC entry 5009 (class 1259 OID 40799)
-- Name: uq_sao_answer_option; Type: INDEX; Schema: business; Owner: postgres
--

CREATE UNIQUE INDEX uq_sao_answer_option ON business.student_answer_option USING btree (student_answer_id, question_option_id);


--
-- TOC entry 5001 (class 1259 OID 40797)
-- Name: uq_student_answer_ads_question; Type: INDEX; Schema: business; Owner: postgres
--

CREATE UNIQUE INDEX uq_student_answer_ads_question ON business.student_answer USING btree (agenda_day_student_id, question_id);


--
-- TOC entry 4968 (class 1259 OID 40800)
-- Name: uq_teacher_person; Type: INDEX; Schema: business; Owner: postgres
--

CREATE UNIQUE INDEX uq_teacher_person ON business.teacher USING btree (person_id);


--
-- TOC entry 4941 (class 1259 OID 40787)
-- Name: IX_munisipality_departametId; Type: INDEX; Schema: parameters; Owner: postgres
--

CREATE INDEX "IX_munisipality_departametId" ON parameters.munisipality USING btree ("departametId");


--
-- TOC entry 4947 (class 1259 OID 40785)
-- Name: IX_moduleForm_form_id; Type: INDEX; Schema: security; Owner: postgres
--

CREATE INDEX "IX_moduleForm_form_id" ON security."moduleForm" USING btree (form_id);


--
-- TOC entry 4948 (class 1259 OID 40786)
-- Name: IX_moduleForm_module_id; Type: INDEX; Schema: security; Owner: postgres
--

CREATE INDEX "IX_moduleForm_module_id" ON security."moduleForm" USING btree (module_id);


--
-- TOC entry 4944 (class 1259 OID 40788)
-- Name: IX_person_DocumentTypeId; Type: INDEX; Schema: security; Owner: postgres
--

CREATE INDEX "IX_person_DocumentTypeId" ON security.person USING btree ("DocumentTypeId");


--
-- TOC entry 4951 (class 1259 OID 40791)
-- Name: IX_rolFormPermission_form_id; Type: INDEX; Schema: security; Owner: postgres
--

CREATE INDEX "IX_rolFormPermission_form_id" ON security."rolFormPermission" USING btree (form_id);


--
-- TOC entry 4952 (class 1259 OID 40792)
-- Name: IX_rolFormPermission_permission_id; Type: INDEX; Schema: security; Owner: postgres
--

CREATE INDEX "IX_rolFormPermission_permission_id" ON security."rolFormPermission" USING btree (permission_id);


--
-- TOC entry 4953 (class 1259 OID 40793)
-- Name: IX_rolFormPermission_rol_id; Type: INDEX; Schema: security; Owner: postgres
--

CREATE INDEX "IX_rolFormPermission_rol_id" ON security."rolFormPermission" USING btree (rol_id);


--
-- TOC entry 4979 (class 1259 OID 40804)
-- Name: IX_userRol_rol_id; Type: INDEX; Schema: security; Owner: postgres
--

CREATE INDEX "IX_userRol_rol_id" ON security."userRol" USING btree (rol_id);


--
-- TOC entry 4980 (class 1259 OID 40805)
-- Name: IX_userRol_user_id; Type: INDEX; Schema: security; Owner: postgres
--

CREATE INDEX "IX_userRol_user_id" ON security."userRol" USING btree (user_id);


--
-- TOC entry 4969 (class 1259 OID 40803)
-- Name: IX_user_person_id; Type: INDEX; Schema: security; Owner: postgres
--

CREATE UNIQUE INDEX "IX_user_person_id" ON security."user" USING btree (person_id);


--
-- TOC entry 5053 (class 2606 OID 40816)
-- Name: agenda_day_student FK_agenda_day_student_student_StudentId; Type: FK CONSTRAINT; Schema: business; Owner: postgres
--

ALTER TABLE ONLY business.agenda_day_student
    ADD CONSTRAINT "FK_agenda_day_student_student_StudentId" FOREIGN KEY ("StudentId") REFERENCES business.student(id);


--
-- TOC entry 5036 (class 2606 OID 40518)
-- Name: dataBasic FK_dataBasic_eps_epsId; Type: FK CONSTRAINT; Schema: business; Owner: postgres
--

ALTER TABLE ONLY business."dataBasic"
    ADD CONSTRAINT "FK_dataBasic_eps_epsId" FOREIGN KEY ("epsId") REFERENCES parameters.eps(id) ON DELETE RESTRICT;


--
-- TOC entry 5037 (class 2606 OID 40523)
-- Name: dataBasic FK_dataBasic_materialStatus_materialStatusId; Type: FK CONSTRAINT; Schema: business; Owner: postgres
--

ALTER TABLE ONLY business."dataBasic"
    ADD CONSTRAINT "FK_dataBasic_materialStatus_materialStatusId" FOREIGN KEY ("materialStatusId") REFERENCES parameters."materialStatus"(id) ON DELETE RESTRICT;


--
-- TOC entry 5038 (class 2606 OID 40528)
-- Name: dataBasic FK_dataBasic_munisipality_munisipalityId; Type: FK CONSTRAINT; Schema: business; Owner: postgres
--

ALTER TABLE ONLY business."dataBasic"
    ADD CONSTRAINT "FK_dataBasic_munisipality_munisipalityId" FOREIGN KEY ("munisipalityId") REFERENCES parameters.munisipality(id) ON DELETE RESTRICT;


--
-- TOC entry 5039 (class 2606 OID 40533)
-- Name: dataBasic FK_dataBasic_person_personaId; Type: FK CONSTRAINT; Schema: business; Owner: postgres
--

ALTER TABLE ONLY business."dataBasic"
    ADD CONSTRAINT "FK_dataBasic_person_personaId" FOREIGN KEY ("personaId") REFERENCES security.person(id) ON DELETE CASCADE;


--
-- TOC entry 5040 (class 2606 OID 40538)
-- Name: dataBasic FK_dataBasic_rh_rhId; Type: FK CONSTRAINT; Schema: business; Owner: postgres
--

ALTER TABLE ONLY business."dataBasic"
    ADD CONSTRAINT "FK_dataBasic_rh_rhId" FOREIGN KEY ("rhId") REFERENCES parameters.rh(id) ON DELETE RESTRICT;


--
-- TOC entry 5064 (class 2606 OID 40831)
-- Name: group FK_group_group_director_GroupDirectorId; Type: FK CONSTRAINT; Schema: business; Owner: postgres
--

ALTER TABLE ONLY business."group"
    ADD CONSTRAINT "FK_group_group_director_GroupDirectorId" FOREIGN KEY ("GroupDirectorId") REFERENCES business.group_director(id);


--
-- TOC entry 5045 (class 2606 OID 40590)
-- Name: question_option FK_question_option_question_question_id; Type: FK CONSTRAINT; Schema: business; Owner: postgres
--

ALTER TABLE ONLY business.question_option
    ADD CONSTRAINT "FK_question_option_question_question_id" FOREIGN KEY (question_id) REFERENCES business.question(id) ON DELETE CASCADE;


--
-- TOC entry 5035 (class 2606 OID 40505)
-- Name: question FK_question_type_answare_type_answer_id; Type: FK CONSTRAINT; Schema: business; Owner: postgres
--

ALTER TABLE ONLY business.question
    ADD CONSTRAINT "FK_question_type_answare_type_answer_id" FOREIGN KEY (type_answer_id) REFERENCES parameters.type_answare(id) ON DELETE RESTRICT;


--
-- TOC entry 5069 (class 2606 OID 40750)
-- Name: student FK_student_group_group_id; Type: FK CONSTRAINT; Schema: business; Owner: postgres
--

ALTER TABLE ONLY business.student
    ADD CONSTRAINT "FK_student_group_group_id" FOREIGN KEY (group_id) REFERENCES business."group"(id) ON DELETE RESTRICT;


--
-- TOC entry 5070 (class 2606 OID 40755)
-- Name: student FK_student_person_person_id; Type: FK CONSTRAINT; Schema: business; Owner: postgres
--

ALTER TABLE ONLY business.student
    ADD CONSTRAINT "FK_student_person_person_id" FOREIGN KEY (person_id) REFERENCES security.person(id) ON DELETE RESTRICT;


--
-- TOC entry 5048 (class 2606 OID 40806)
-- Name: academic_load fk_academic_load_group; Type: FK CONSTRAINT; Schema: business; Owner: postgres
--

ALTER TABLE ONLY business.academic_load
    ADD CONSTRAINT fk_academic_load_group FOREIGN KEY (group_id) REFERENCES business."group"(id) ON DELETE RESTRICT;


--
-- TOC entry 5049 (class 2606 OID 40617)
-- Name: academic_load fk_academic_load_subject; Type: FK CONSTRAINT; Schema: business; Owner: postgres
--

ALTER TABLE ONLY business.academic_load
    ADD CONSTRAINT fk_academic_load_subject FOREIGN KEY (subject_id) REFERENCES parameters.subject(id) ON DELETE RESTRICT;


--
-- TOC entry 5050 (class 2606 OID 40622)
-- Name: academic_load fk_academic_load_teacher; Type: FK CONSTRAINT; Schema: business; Owner: postgres
--

ALTER TABLE ONLY business.academic_load
    ADD CONSTRAINT fk_academic_load_teacher FOREIGN KEY (teacher_id) REFERENCES business.teacher(id) ON DELETE RESTRICT;


--
-- TOC entry 5054 (class 2606 OID 40644)
-- Name: agenda_day_student fk_ads_agenda_day; Type: FK CONSTRAINT; Schema: business; Owner: postgres
--

ALTER TABLE ONLY business.agenda_day_student
    ADD CONSTRAINT fk_ads_agenda_day FOREIGN KEY (agenda_day_id) REFERENCES business.agenda_day(id) ON DELETE CASCADE;


--
-- TOC entry 5055 (class 2606 OID 40821)
-- Name: agenda_day_student fk_ads_student; Type: FK CONSTRAINT; Schema: business; Owner: postgres
--

ALTER TABLE ONLY business.agenda_day_student
    ADD CONSTRAINT fk_ads_student FOREIGN KEY (student_id) REFERENCES business.student(id) ON DELETE RESTRICT;


--
-- TOC entry 5051 (class 2606 OID 40633)
-- Name: agenda_day fk_agenda_day_agenda; Type: FK CONSTRAINT; Schema: business; Owner: postgres
--

ALTER TABLE ONLY business.agenda_day
    ADD CONSTRAINT fk_agenda_day_agenda FOREIGN KEY (agenda_id) REFERENCES business.agenda(id) ON DELETE RESTRICT;


--
-- TOC entry 5052 (class 2606 OID 40811)
-- Name: agenda_day fk_agenda_day_group; Type: FK CONSTRAINT; Schema: business; Owner: postgres
--

ALTER TABLE ONLY business.agenda_day
    ADD CONSTRAINT fk_agenda_day_group FOREIGN KEY (group_id) REFERENCES business."group"(id) ON DELETE RESTRICT;


--
-- TOC entry 5062 (class 2606 OID 40707)
-- Name: attendants fk_attendants_person; Type: FK CONSTRAINT; Schema: business; Owner: postgres
--

ALTER TABLE ONLY business.attendants
    ADD CONSTRAINT fk_attendants_person FOREIGN KEY (person_id) REFERENCES security.person(id) ON DELETE RESTRICT;


--
-- TOC entry 5063 (class 2606 OID 40826)
-- Name: attendants fk_attendants_student; Type: FK CONSTRAINT; Schema: business; Owner: postgres
--

ALTER TABLE ONLY business.attendants
    ADD CONSTRAINT fk_attendants_student FOREIGN KEY (student_id) REFERENCES business.student(id) ON DELETE RESTRICT;


--
-- TOC entry 5043 (class 2606 OID 40573)
-- Name: composition_agenda_question fk_caq_agenda; Type: FK CONSTRAINT; Schema: business; Owner: postgres
--

ALTER TABLE ONLY business.composition_agenda_question
    ADD CONSTRAINT fk_caq_agenda FOREIGN KEY (agenda_id) REFERENCES business.agenda(id) ON DELETE CASCADE;


--
-- TOC entry 5044 (class 2606 OID 40578)
-- Name: composition_agenda_question fk_caq_question; Type: FK CONSTRAINT; Schema: business; Owner: postgres
--

ALTER TABLE ONLY business.composition_agenda_question
    ADD CONSTRAINT fk_caq_question FOREIGN KEY (question_id) REFERENCES business.question(id) ON DELETE RESTRICT;


--
-- TOC entry 5065 (class 2606 OID 40718)
-- Name: group fk_group_agenda; Type: FK CONSTRAINT; Schema: business; Owner: postgres
--

ALTER TABLE ONLY business."group"
    ADD CONSTRAINT fk_group_agenda FOREIGN KEY (agenda_id) REFERENCES business.agenda(id) ON DELETE RESTRICT;


--
-- TOC entry 5067 (class 2606 OID 40734)
-- Name: group_director fk_group_director_group; Type: FK CONSTRAINT; Schema: business; Owner: postgres
--

ALTER TABLE ONLY business.group_director
    ADD CONSTRAINT fk_group_director_group FOREIGN KEY (group_id) REFERENCES business."group"(id) ON DELETE CASCADE;


--
-- TOC entry 5068 (class 2606 OID 40739)
-- Name: group_director fk_group_director_teacher; Type: FK CONSTRAINT; Schema: business; Owner: postgres
--

ALTER TABLE ONLY business.group_director
    ADD CONSTRAINT fk_group_director_teacher FOREIGN KEY (teacher_id) REFERENCES business.teacher(id) ON DELETE RESTRICT;


--
-- TOC entry 5066 (class 2606 OID 40723)
-- Name: group fk_group_grade; Type: FK CONSTRAINT; Schema: business; Owner: postgres
--

ALTER TABLE ONLY business."group"
    ADD CONSTRAINT fk_group_grade FOREIGN KEY (grade_id) REFERENCES parameters.grade(id) ON DELETE RESTRICT;


--
-- TOC entry 5060 (class 2606 OID 40691)
-- Name: student_answer_option fk_sao_question_option; Type: FK CONSTRAINT; Schema: business; Owner: postgres
--

ALTER TABLE ONLY business.student_answer_option
    ADD CONSTRAINT fk_sao_question_option FOREIGN KEY (question_option_id) REFERENCES business.question_option(id) ON DELETE RESTRICT;


--
-- TOC entry 5061 (class 2606 OID 40696)
-- Name: student_answer_option fk_sao_student_answer; Type: FK CONSTRAINT; Schema: business; Owner: postgres
--

ALTER TABLE ONLY business.student_answer_option
    ADD CONSTRAINT fk_sao_student_answer FOREIGN KEY (student_answer_id) REFERENCES business.student_answer(id) ON DELETE CASCADE;


--
-- TOC entry 5056 (class 2606 OID 40657)
-- Name: student_answer fk_student_answer_ads; Type: FK CONSTRAINT; Schema: business; Owner: postgres
--

ALTER TABLE ONLY business.student_answer
    ADD CONSTRAINT fk_student_answer_ads FOREIGN KEY (agenda_day_student_id) REFERENCES business.agenda_day_student(id) ON DELETE CASCADE;


--
-- TOC entry 5057 (class 2606 OID 40662)
-- Name: student_answer fk_student_answer_question; Type: FK CONSTRAINT; Schema: business; Owner: postgres
--

ALTER TABLE ONLY business.student_answer
    ADD CONSTRAINT fk_student_answer_question FOREIGN KEY (question_id) REFERENCES business.question(id) ON DELETE RESTRICT;


--
-- TOC entry 5041 (class 2606 OID 40549)
-- Name: teacher fk_teacher_person; Type: FK CONSTRAINT; Schema: business; Owner: postgres
--

ALTER TABLE ONLY business.teacher
    ADD CONSTRAINT fk_teacher_person FOREIGN KEY (person_id) REFERENCES security.person(id) ON DELETE RESTRICT;


--
-- TOC entry 5058 (class 2606 OID 40675)
-- Name: teacher_observation fk_to_agenda_day_student; Type: FK CONSTRAINT; Schema: business; Owner: postgres
--

ALTER TABLE ONLY business.teacher_observation
    ADD CONSTRAINT fk_to_agenda_day_student FOREIGN KEY (agenda_day_student_id) REFERENCES business.agenda_day_student(id) ON DELETE CASCADE;


--
-- TOC entry 5059 (class 2606 OID 40680)
-- Name: teacher_observation fk_to_teacher; Type: FK CONSTRAINT; Schema: business; Owner: postgres
--

ALTER TABLE ONLY business.teacher_observation
    ADD CONSTRAINT fk_to_teacher FOREIGN KEY (teacher_id) REFERENCES business.teacher(id) ON DELETE RESTRICT;


--
-- TOC entry 5028 (class 2606 OID 40446)
-- Name: munisipality FK_munisipality_departamet_departametId; Type: FK CONSTRAINT; Schema: parameters; Owner: postgres
--

ALTER TABLE ONLY parameters.munisipality
    ADD CONSTRAINT "FK_munisipality_departamet_departametId" FOREIGN KEY ("departametId") REFERENCES parameters.departamet(id) ON DELETE RESTRICT;


--
-- TOC entry 5030 (class 2606 OID 40468)
-- Name: moduleForm FK_moduleForm_form_form_id; Type: FK CONSTRAINT; Schema: security; Owner: postgres
--

ALTER TABLE ONLY security."moduleForm"
    ADD CONSTRAINT "FK_moduleForm_form_form_id" FOREIGN KEY (form_id) REFERENCES security.form(id) ON DELETE RESTRICT;


--
-- TOC entry 5031 (class 2606 OID 40473)
-- Name: moduleForm FK_moduleForm_module_module_id; Type: FK CONSTRAINT; Schema: security; Owner: postgres
--

ALTER TABLE ONLY security."moduleForm"
    ADD CONSTRAINT "FK_moduleForm_module_module_id" FOREIGN KEY (module_id) REFERENCES security.module(id) ON DELETE RESTRICT;


--
-- TOC entry 5029 (class 2606 OID 40457)
-- Name: person FK_person_documentType_DocumentTypeId; Type: FK CONSTRAINT; Schema: security; Owner: postgres
--

ALTER TABLE ONLY security.person
    ADD CONSTRAINT "FK_person_documentType_DocumentTypeId" FOREIGN KEY ("DocumentTypeId") REFERENCES parameters."documentType"(id) ON DELETE RESTRICT;


--
-- TOC entry 5032 (class 2606 OID 40484)
-- Name: rolFormPermission FK_rolFormPermission_form_form_id; Type: FK CONSTRAINT; Schema: security; Owner: postgres
--

ALTER TABLE ONLY security."rolFormPermission"
    ADD CONSTRAINT "FK_rolFormPermission_form_form_id" FOREIGN KEY (form_id) REFERENCES security.form(id) ON DELETE RESTRICT;


--
-- TOC entry 5033 (class 2606 OID 40489)
-- Name: rolFormPermission FK_rolFormPermission_permission_permission_id; Type: FK CONSTRAINT; Schema: security; Owner: postgres
--

ALTER TABLE ONLY security."rolFormPermission"
    ADD CONSTRAINT "FK_rolFormPermission_permission_permission_id" FOREIGN KEY (permission_id) REFERENCES security.permission(id) ON DELETE RESTRICT;


--
-- TOC entry 5034 (class 2606 OID 40494)
-- Name: rolFormPermission FK_rolFormPermission_rol_rol_id; Type: FK CONSTRAINT; Schema: security; Owner: postgres
--

ALTER TABLE ONLY security."rolFormPermission"
    ADD CONSTRAINT "FK_rolFormPermission_rol_rol_id" FOREIGN KEY (rol_id) REFERENCES security.rol(id) ON DELETE RESTRICT;


--
-- TOC entry 5046 (class 2606 OID 40601)
-- Name: userRol FK_userRol_rol_rol_id; Type: FK CONSTRAINT; Schema: security; Owner: postgres
--

ALTER TABLE ONLY security."userRol"
    ADD CONSTRAINT "FK_userRol_rol_rol_id" FOREIGN KEY (rol_id) REFERENCES security.rol(id) ON DELETE RESTRICT;


--
-- TOC entry 5047 (class 2606 OID 40606)
-- Name: userRol FK_userRol_user_user_id; Type: FK CONSTRAINT; Schema: security; Owner: postgres
--

ALTER TABLE ONLY security."userRol"
    ADD CONSTRAINT "FK_userRol_user_user_id" FOREIGN KEY (user_id) REFERENCES security."user"(id) ON DELETE RESTRICT;


--
-- TOC entry 5042 (class 2606 OID 40562)
-- Name: user FK_user_person_person_id; Type: FK CONSTRAINT; Schema: security; Owner: postgres
--

ALTER TABLE ONLY security."user"
    ADD CONSTRAINT "FK_user_person_person_id" FOREIGN KEY (person_id) REFERENCES security.person(id) ON DELETE RESTRICT;


-- Completed on 2025-09-23 03:10:55

--
-- PostgreSQL database dump complete
--

